INSERT INTO public.muppet (id, real_name) VALUES ('00000000-0000-0000-0000-000000000000', 'temp-user');
INSERT INTO public.muppet (id, real_name) VALUES ('39d13415-1f0a-4933-895a-2a568455ecef', 'Crespo Yanier');
INSERT INTO public.muppet (id, real_name) VALUES ('9fe48127-280a-493b-8d51-11476dfc4524', 'Ellero Cesare');
INSERT INTO public.muppet (id, real_name) VALUES ('97ca45d8-8e35-4d6a-96b1-3641c1b8b081', 'De Faveri Martina');
INSERT INTO public.muppet (id, real_name) VALUES ('68a0c3a0-8608-4e5a-8581-32e5206c2b23', 'Di Legami Gianluca');
INSERT INTO public.muppet (id, real_name) VALUES ('6a332b52-ddc0-4db7-b021-4a58fdc84cc4', 'Stimac Ivo');
INSERT INTO public.muppet (id, real_name) VALUES ('8b86834d-39e7-4250-96f4-678dc693c13f', 'Danzo Fabio');
INSERT INTO public.muppet (id, real_name) VALUES ('084b2a1b-8255-4e2a-be37-8106f7339508', 'De Tomi Piero');
INSERT INTO public.muppet (id, real_name) VALUES ('53fa4ef3-844f-4b67-9709-b4156729861d', 'Vinkovic Goranka');
INSERT INTO public.muppet (id, real_name) VALUES ('04c5d5c6-cf7d-4006-8360-94b99c9f30de', 'Molinaro Simone');
INSERT INTO public.muppet (id, real_name) VALUES ('6d9a67a3-196b-41e8-96e0-cf4e7e004727', 'Massolo Marco');
INSERT INTO public.muppet (id, real_name) VALUES ('d58a33c8-273d-425c-896c-5065242d474e', 'Maran Daniel');
INSERT INTO public.muppet (id, real_name) VALUES ('d006b07c-ff51-4810-9c36-2a9612fa2fc5', 'Trimarchi Gianluca');
INSERT INTO public.muppet (id, real_name) VALUES ('c09a66bc-d2d8-468e-bba0-6b6b71c5e69b', 'Scattolini Giorgio');
INSERT INTO public.muppet (id, real_name) VALUES ('47fd82be-a4a7-42eb-8e8b-d0f262680fb0', 'Sanna Davide');
INSERT INTO public.muppet (id, real_name) VALUES ('4d6c7755-7265-4049-89a9-999c1a4d9057', 'Dal Bosco Michele');
INSERT INTO public.muppet (id, real_name) VALUES ('87a7b6f1-67bb-412e-8ca8-cb40c79db859', 'Fornasin Jacopo');
INSERT INTO public.muppet (id, real_name) VALUES ('026160e0-8989-4092-bce9-ea313ee71d8b', 'Ascalone Sara');
INSERT INTO public.muppet (id, real_name) VALUES ('0d3e2cac-3a96-477f-8eb4-059078e85cde', 'Corrain Davide');
INSERT INTO public.muppet (id, real_name) VALUES ('de745c33-7f8a-422a-9e75-5962d33151dd', 'Gandini Jacopo');
INSERT INTO public.muppet (id, real_name) VALUES ('ab098b45-9b9f-48ca-9a9a-b5786e483ffe', 'Stefanizzi Valentino');
INSERT INTO public.muppet (id, real_name) VALUES ('25bad5d5-48d4-4961-8467-a47ffceea5d3', 'Viezzi Alberto');
INSERT INTO public.muppet (id, real_name) VALUES ('3ad69591-ddd3-4ff2-93cc-4b787032d276', 'Humar Roald');
INSERT INTO public.muppet (id, real_name) VALUES ('90614e3f-35c7-49f2-a81d-fcd10985095a', 'Slobez Simone');
INSERT INTO public.muppet (id, real_name) VALUES ('5de28be6-d10c-4908-ae21-b5f43c63346d', 'Simunovic Tomislav');
INSERT INTO public.muppet (id, real_name) VALUES ('3015210f-6054-42b7-9ec7-6c7e7be69918', 'Iavarone Stefano');
INSERT INTO public.muppet (id, real_name) VALUES ('8a387890-aacc-4b73-bc59-e3499b6ecfb6', 'Bizzotto Alessio');
INSERT INTO public.muppet (id, real_name) VALUES ('46f6321a-6eb0-4165-be3d-c2b1b10a82c8', 'Portelli Mario');
INSERT INTO public.muppet (id, real_name) VALUES ('0df154e7-b9c9-4c23-b6d0-bbda82bf0492', 'Feront Francesco');

INSERT INTO public.type (id, description) VALUES (1, 'Pizza');
INSERT INTO public.type (id, description) VALUES (2, 'Cucina');
INSERT INTO public.type (id, description) VALUES (3, 'Dolce');
INSERT INTO public.type (id, description) VALUES (4, 'Panino');

INSERT INTO public.food (id, name, price, visible, type) VALUES (1, 'Marinara', 3.50, true, 1);
INSERT INTO public.food (id, name, price, visible, type) VALUES (2, 'Margherita', 4.00, true, 1);
INSERT INTO public.food (id, name, price, visible, type) VALUES (3, 'Prosciutto', 5.00, true, 1);
INSERT INTO public.food (id, name, price, visible, type) VALUES (4, 'Funghi', 5.00, true, 1);
INSERT INTO public.food (id, name, price, visible, type) VALUES (5, 'Diavola', 5.00, true, 1);
INSERT INTO public.food (id, name, price, visible, type) VALUES (6, 'Melanzane', 5.00, true, 1);
INSERT INTO public.food (id, name, price, visible, type) VALUES (7, 'Romana', 5.50, true, 1);
INSERT INTO public.food (id, name, price, visible, type) VALUES (8, 'Peperoni', 5.50, true, 1);
INSERT INTO public.food (id, name, price, visible, type) VALUES (9, 'Viennese', 5.50, true, 1);
INSERT INTO public.food (id, name, price, visible, type) VALUES (10, 'Rucola', 5.50, true, 1);
INSERT INTO public.food (id, name, price, visible, type) VALUES (11, 'Capricciosa', 6.00, true, 1);
INSERT INTO public.food (id, name, price, visible, type) VALUES (12, '4 Stagioni', 6.00, true, 1);
INSERT INTO public.food (id, name, price, visible, type) VALUES (13, '4 Formaggi', 6.00, true, 1);
INSERT INTO public.food (id, name, price, visible, type) VALUES (14, 'Calzone', 6.00, true, 1);
INSERT INTO public.food (id, name, price, visible, type) VALUES (15, 'Calzone Farcito', 7.00, true, 1);
INSERT INTO public.food (id, name, price, visible, type) VALUES (16, 'Tonno', 6.00, true, 1);
INSERT INTO public.food (id, name, price, visible, type) VALUES (17, 'Caprese', 6.00, true, 1);
INSERT INTO public.food (id, name, price, visible, type) VALUES (18, 'Bufala', 6.00, true, 1);
INSERT INTO public.food (id, name, price, visible, type) VALUES (19, 'Verdure', 6.50, true, 1);
INSERT INTO public.food (id, name, price, visible, type) VALUES (20, 'Fresca', 6.50, true, 1);
INSERT INTO public.food (id, name, price, visible, type) VALUES (21, 'Mascarzone', 6.50, true, 1);
INSERT INTO public.food (id, name, price, visible, type) VALUES (22, 'Calzone Fritto', 6.00, true, 1);
INSERT INTO public.food (id, name, price, visible, type) VALUES (23, 'Golosa', 8.00, true, 1);
INSERT INTO public.food (id, name, price, visible, type) VALUES (24, 'Carbonara', 7.00, true, 1);
INSERT INTO public.food (id, name, price, visible, type) VALUES (25, 'Los Angeles', 7.50, true, 1);
INSERT INTO public.food (id, name, price, visible, type) VALUES (26, 'Super-Crock con Prosciutto', 7.50, true, 1);
INSERT INTO public.food (id, name, price, visible, type) VALUES (27, 'Super-Crock con Porchetta', 7.50, true, 1);
INSERT INTO public.food (id, name, price, visible, type) VALUES (28, 'Super-Crock con Salsiccia', 7.50, true, 1);
INSERT INTO public.food (id, name, price, visible, type) VALUES (29, 'Calzone Saporito', 7.50, true, 1);
INSERT INTO public.food (id, name, price, visible, type) VALUES (30, 'Esplosiva', 7.50, true, 1);
INSERT INTO public.food (id, name, price, visible, type) VALUES (31, 'Meditteranea', 7.50, true, 1);
INSERT INTO public.food (id, name, price, visible, type) VALUES (32, 'Tris di Funghi', 8.00, true, 1);
INSERT INTO public.food (id, name, price, visible, type) VALUES (33, 'Salmone', 8.00, true, 1);
INSERT INTO public.food (id, name, price, visible, type) VALUES (34, 'Tartufata', 8.00, true, 1);
INSERT INTO public.food (id, name, price, visible, type) VALUES (35, 'Boschetto', 8.50, true, 1);
INSERT INTO public.food (id, name, price, visible, type) VALUES (36, 'Saporita', 8.50, true, 1);
INSERT INTO public.food (id, name, price, visible, type) VALUES (37, 'Super-Tartufata', 8.50, true, 1);
INSERT INTO public.food (id, name, price, visible, type) VALUES (38, 'Primavera', 8.50, true, 1);
INSERT INTO public.food (id, name, price, visible, type) VALUES (39, 'Boys', 6.00, true, 1);
INSERT INTO public.food (id, name, price, visible, type) VALUES (40, 'Provolina', 7.00, true, 1);
INSERT INTO public.food (id, name, price, visible, type) VALUES (41, 'Montanara', 7.00, true, 1);
INSERT INTO public.food (id, name, price, visible, type) VALUES (42, 'Trevigiana', 7.00, true, 1);
INSERT INTO public.food (id, name, price, visible, type) VALUES (43, 'Tirolese', 8.50, true, 1);
INSERT INTO public.food (id, name, price, visible, type) VALUES (44, 'Fantastica', 7.50, true, 1);
INSERT INTO public.food (id, name, price, visible, type) VALUES (45, 'Siciliana', 7.00, true, 1);
INSERT INTO public.food (id, name, price, visible, type) VALUES (46, 'Sfiziosa', 7.00, true, 1);
INSERT INTO public.food (id, name, price, visible, type) VALUES (47, 'Bomba', 7.00, true, 1);
INSERT INTO public.food (id, name, price, visible, type) VALUES (48, 'Rustica', 7.50, true, 1);
INSERT INTO public.food (id, name, price, visible, type) VALUES (49, 'Delizia', 7.50, true, 1);
INSERT INTO public.food (id, name, price, visible, type) VALUES (50, 'Delicata', 7.50, true, 1);
INSERT INTO public.food (id, name, price, visible, type) VALUES (51, 'New York', 7.50, true, 1);
INSERT INTO public.food (id, name, price, visible, type) VALUES (52, 'Piccantina', 7.50, true, 1);
INSERT INTO public.food (id, name, price, visible, type) VALUES (53, 'Curry', 7.50, true, 1);
INSERT INTO public.food (id, name, price, visible, type) VALUES (54, 'Bresaola', 7.50, true, 1);
INSERT INTO public.food (id, name, price, visible, type) VALUES (55, 'Fattoria', 8.00, true, 1);
INSERT INTO public.food (id, name, price, visible, type) VALUES (56, 'Simpson', 8.00, true, 1);
INSERT INTO public.food (id, name, price, visible, type) VALUES (57, 'Inverno', 8.00, true, 1);
INSERT INTO public.food (id, name, price, visible, type) VALUES (58, 'Imperiale', 8.50, true, 1);
INSERT INTO public.food (id, name, price, visible, type) VALUES (59, 'Friulana', 8.50, true, 1);
INSERT INTO public.food (id, name, price, visible, type) VALUES (60, 'Estate', 8.50, true, 1);
INSERT INTO public.food (id, name, price, visible, type) VALUES (61, 'Vanessa', 8.50, true, 1);
INSERT INTO public.food (id, name, price, visible, type) VALUES (62, 'Boris', 9.50, true, 1);
INSERT INTO public.food (id, name, price, visible, type) VALUES (63, 'Artisti', 9.50, true, 1);
INSERT INTO public.food (id, name, price, visible, type) VALUES (64, 'Salumi', 10.00, true, 1);
INSERT INTO public.food (id, name, price, visible, type) VALUES (91, 'Tiramisu', 3.50, false, 3);
INSERT INTO public.food (id, name, price, visible, type) VALUES (66, 'Pollo Disossato e Patate', 7.50, true, 2);
INSERT INTO public.food (id, name, price, visible, type) VALUES (67, 'Petto di Pollo e Patate', 7.50, true, 2);
INSERT INTO public.food (id, name, price, visible, type) VALUES (68, 'Tagliata di Pollo', 8.00, true, 2);
INSERT INTO public.food (id, name, price, visible, type) VALUES (69, 'Milanese e Patatine Fritte', 7.50, true, 2);
INSERT INTO public.food (id, name, price, visible, type) VALUES (94, 'Tortino al Cioccolato', 2.50, false, 3);
INSERT INTO public.food (id, name, price, visible, type) VALUES (75, 'Calamari Fritti e Patatine', 9.00, true, 2);
INSERT INTO public.food (id, name, price, visible, type) VALUES (76, 'Insalata', 3.00, true, 2);
INSERT INTO public.food (id, name, price, visible, type) VALUES (77, 'Insalata Mista', 4.00, true, 2);
INSERT INTO public.food (id, name, price, visible, type) VALUES (78, 'Insalatona', 7.50, true, 2);
INSERT INTO public.food (id, name, price, visible, type) VALUES (79, 'Patatine Fritte', 3.00, true, 2);
INSERT INTO public.food (id, name, price, visible, type) VALUES (80, 'Crocchette di Patate', 3.50, true, 2);
INSERT INTO public.food (id, name, price, visible, type) VALUES (81, 'Verdure alla Piastra', 3.50, true, 2);
INSERT INTO public.food (id, name, price, visible, type) VALUES (82, 'Sfizioso', 6.00, true, 4);
INSERT INTO public.food (id, name, price, visible, type) VALUES (83, 'Classic Burgher', 6.50, true, 4);
INSERT INTO public.food (id, name, price, visible, type) VALUES (84, 'Hot Dog', 6.00, true, 4);
INSERT INTO public.food (id, name, price, visible, type) VALUES (85, 'Classico', 6.00, true, 4);
INSERT INTO public.food (id, name, price, visible, type) VALUES (86, 'Boss', 7.00, true, 4);
INSERT INTO public.food (id, name, price, visible, type) VALUES (87, 'Super', 7.00, true, 4);
INSERT INTO public.food (id, name, price, visible, type) VALUES (89, 'Vegetariano', 6.50, true, 4);
INSERT INTO public.food (id, name, price, visible, type) VALUES (90, 'Rio Mare', 6.00, true, 4);
INSERT INTO public.food (id, name, price, visible, type) VALUES (92, 'Crepes Nutella / Marmellata', 3.50, true, 3);
INSERT INTO public.food (id, name, price, visible, type) VALUES (93, 'Cornetto alla Nutella', 3.50, true, 3);
INSERT INTO public.food (id, name, price, visible, type) VALUES (95, 'Pizza Nutella', 5.00, true, 3);
INSERT INTO public.food (id, name, price, visible, type) VALUES (96, 'Tartufo Bianco / Nero', 2.50, true, 3);
INSERT INTO public.food (id, name, price, visible, type) VALUES (88, 'Panino Estate', 7.00, true, 4);
INSERT INTO public.food (id, name, price, visible, type) VALUES (97, 'Profiteroles', 4.00, true, 3);
INSERT INTO public.food (id, name, price, visible, type) VALUES (71, 'Lubianska', 9.00, false, 2);
INSERT INTO public.food (id, name, price, visible, type) VALUES (74, 'Grigliata Mista', 13.00, false, 2);
INSERT INTO public.food (id, name, price, visible, type) VALUES (73, 'Salsicce al vino rosso', 6.50, false, 2);
INSERT INTO public.food (id, name, price, visible, type) VALUES (72, 'Lonza al Senape e Patate', 8.00, false, 2);
INSERT INTO public.food (id, name, price, visible, type) VALUES (70, 'Scaloppine (al vino, al limone, ai funghi', 7.00, false, 2);
INSERT INTO public.food (id, name, price, visible, type) VALUES (65, 'Pollo al Forno e Patate', 8.00, false, 2);

INSERT INTO public.ingredient (id, name, price) VALUES (80, 'Impasto alle Olive', 1.00);
INSERT INTO public.ingredient (id, name, price) VALUES (1, 'Aglio', 0.00);
INSERT INTO public.ingredient (id, name, price) VALUES (3, 'Basilico', 0.00);
INSERT INTO public.ingredient (id, name, price) VALUES (5, 'Bresaola', 2.00);
INSERT INTO public.ingredient (id, name, price) VALUES (10, 'Cornicione Ripieno di Mozzarella', 1.00);
INSERT INTO public.ingredient (id, name, price) VALUES (11, 'Crema Tartufata', 2.00);
INSERT INTO public.ingredient (id, name, price) VALUES (12, 'Crocchette di Patate', 2.00);
INSERT INTO public.ingredient (id, name, price) VALUES (13, 'Curry', 0.00);
INSERT INTO public.ingredient (id, name, price) VALUES (14, 'Danese', 1.50);
INSERT INTO public.ingredient (id, name, price) VALUES (20, 'Funghi Trifolati', 1.00);
INSERT INTO public.ingredient (id, name, price) VALUES (23, 'Gorgonzola Dolce', 1.50);
INSERT INTO public.ingredient (id, name, price) VALUES (25, 'Grana a Scaglie', 1.00);
INSERT INTO public.ingredient (id, name, price) VALUES (26, 'Latteria', 1.50);
INSERT INTO public.ingredient (id, name, price) VALUES (28, 'Melanzane al Funghetto', 1.50);
INSERT INTO public.ingredient (id, name, price) VALUES (29, 'Melanzane Fritte', 1.00);
INSERT INTO public.ingredient (id, name, price) VALUES (32, 'Olio', 0.00);
INSERT INTO public.ingredient (id, name, price) VALUES (33, 'Olio Extravergine di Oliva', 0.00);
INSERT INTO public.ingredient (id, name, price) VALUES (36, 'Origano', 0.00);
INSERT INTO public.ingredient (id, name, price) VALUES (37, 'Pancetta', 2.00);
INSERT INTO public.ingredient (id, name, price) VALUES (38, 'Pancetta Arrosta', null);
INSERT INTO public.ingredient (id, name, price) VALUES (39, 'Pancetta Stufata', 2.00);
INSERT INTO public.ingredient (id, name, price) VALUES (43, 'Pepe', 0.00);
INSERT INTO public.ingredient (id, name, price) VALUES (45, 'Peperoni alla Piastra', 1.50);
INSERT INTO public.ingredient (id, name, price) VALUES (49, 'Prosciutto Cotto', 1.00);
INSERT INTO public.ingredient (id, name, price) VALUES (51, 'Prosciutto Crudo', 2.00);
INSERT INTO public.ingredient (id, name, price) VALUES (56, 'Rosmarino', 0.00);
INSERT INTO public.ingredient (id, name, price) VALUES (58, 'Salame Friulano', 2.00);
INSERT INTO public.ingredient (id, name, price) VALUES (59, 'Salame Ungherese', 2.00);
INSERT INTO public.ingredient (id, name, price) VALUES (62, 'Salsiccia', 2.00);
INSERT INTO public.ingredient (id, name, price) VALUES (64, 'Sesamo', 0.00);
INSERT INTO public.ingredient (id, name, price) VALUES (65, 'Speck', 2.00);
INSERT INTO public.ingredient (id, name, price) VALUES (66, 'Stracchino', 1.50);
INSERT INTO public.ingredient (id, name, price) VALUES (69, 'Uovo Sodo', 1.50);
INSERT INTO public.ingredient (id, name, price) VALUES (70, 'Verdure Miste', 2.50);
INSERT INTO public.ingredient (id, name, price) VALUES (72, 'Patate al Forno', 2.00);
INSERT INTO public.ingredient (id, name, price) VALUES (73, 'Acciughe', 1.50);
INSERT INTO public.ingredient (id, name, price) VALUES (74, 'Hamburgher', 2.50);
INSERT INTO public.ingredient (id, name, price) VALUES (75, 'Formaggio', 1.50);
INSERT INTO public.ingredient (id, name, price) VALUES (27, 'Mascarpone', 1.50);
INSERT INTO public.ingredient (id, name, price) VALUES (30, 'Mozzarella', 1.00);
INSERT INTO public.ingredient (id, name, price) VALUES (31, 'Mozzarella Bufala', 2.00);
INSERT INTO public.ingredient (id, name, price) VALUES (34, 'Olive', 1.00);
INSERT INTO public.ingredient (id, name, price) VALUES (76, 'Ketchup', 0.50);
INSERT INTO public.ingredient (id, name, price) VALUES (77, 'Salsa Rosa', 0.50);
INSERT INTO public.ingredient (id, name, price) VALUES (78, 'Maionese', 0.50);
INSERT INTO public.ingredient (id, name, price) VALUES (79, 'Insalata', 0.50);
INSERT INTO public.ingredient (id, name, price) VALUES (2, 'Asparagi', 1.50);
INSERT INTO public.ingredient (id, name, price) VALUES (4, 'Bocconcini di mozzarella', 1.50);
INSERT INTO public.ingredient (id, name, price) VALUES (6, 'Brie', 2.00);
INSERT INTO public.ingredient (id, name, price) VALUES (7, 'Capperi ', 1.50);
INSERT INTO public.ingredient (id, name, price) VALUES (8, 'Carciofi', 1.50);
INSERT INTO public.ingredient (id, name, price) VALUES (9, 'Cipolla', 1.50);
INSERT INTO public.ingredient (id, name, price) VALUES (15, 'Friarielli', 2.00);
INSERT INTO public.ingredient (id, name, price) VALUES (16, 'Funghi', 1.00);
INSERT INTO public.ingredient (id, name, price) VALUES (17, 'Funghi Chiodini', 2.00);
INSERT INTO public.ingredient (id, name, price) VALUES (18, 'Funghi Freschi', 1.50);
INSERT INTO public.ingredient (id, name, price) VALUES (19, 'Funghi Porcini', 2.00);
INSERT INTO public.ingredient (id, name, price) VALUES (21, 'Gamberetti', 2.50);
INSERT INTO public.ingredient (id, name, price) VALUES (22, 'Gorgonzola', 1.50);
INSERT INTO public.ingredient (id, name, price) VALUES (24, 'Grana', 1.00);
INSERT INTO public.ingredient (id, name, price) VALUES (40, 'Panna', 1.00);
INSERT INTO public.ingredient (id, name, price) VALUES (41, 'Patatine Fritte', 2.00);
INSERT INTO public.ingredient (id, name, price) VALUES (42, 'Pecorino a Scaglie', 1.50);
INSERT INTO public.ingredient (id, name, price) VALUES (44, 'Peperoni', 1.50);
INSERT INTO public.ingredient (id, name, price) VALUES (46, 'Pomodoro', 1.00);
INSERT INTO public.ingredient (id, name, price) VALUES (47, 'Pomodoro Fresco', 1.50);
INSERT INTO public.ingredient (id, name, price) VALUES (52, 'Provola Affumicata', 2.00);
INSERT INTO public.ingredient (id, name, price) VALUES (53, 'Radicchio di Treviso', 1.50);
INSERT INTO public.ingredient (id, name, price) VALUES (54, 'Ricotta', 1.00);
INSERT INTO public.ingredient (id, name, price) VALUES (55, 'Ricotta Affumicata a Acaglie', 1.50);
INSERT INTO public.ingredient (id, name, price) VALUES (57, 'Rucola', 1.50);
INSERT INTO public.ingredient (id, name, price) VALUES (60, 'Salamino Piccante', 1.50);
INSERT INTO public.ingredient (id, name, price) VALUES (61, 'Salmone Affumicato', 2.50);
INSERT INTO public.ingredient (id, name, price) VALUES (63, 'Salsiccia Fresca', 2.00);
INSERT INTO public.ingredient (id, name, price) VALUES (67, 'Tonno', 2.00);
INSERT INTO public.ingredient (id, name, price) VALUES (68, 'Uovo', 1.50);
INSERT INTO public.ingredient (id, name, price) VALUES (71, 'Wurstel', 1.50);
INSERT INTO public.ingredient (id, name, price) VALUES (48, 'Porchetta', 2.00);
INSERT INTO public.ingredient (id, name, price) VALUES (35, 'Olive Verdi', 1.50);

INSERT INTO public.food_ingredient (food, ingredient) VALUES (45, 7);
INSERT INTO public.food_ingredient (food, ingredient) VALUES (46, 39);
INSERT INTO public.food_ingredient (food, ingredient) VALUES (47, 22);
INSERT INTO public.food_ingredient (food, ingredient) VALUES (48, 55);
INSERT INTO public.food_ingredient (food, ingredient) VALUES (49, 49);
INSERT INTO public.food_ingredient (food, ingredient) VALUES (50, 51);
INSERT INTO public.food_ingredient (food, ingredient) VALUES (51, 16);
INSERT INTO public.food_ingredient (food, ingredient) VALUES (52, 23);
INSERT INTO public.food_ingredient (food, ingredient) VALUES (53, 40);
INSERT INTO public.food_ingredient (food, ingredient) VALUES (54, 5);
INSERT INTO public.food_ingredient (food, ingredient) VALUES (55, 48);
INSERT INTO public.food_ingredient (food, ingredient) VALUES (56, 41);
INSERT INTO public.food_ingredient (food, ingredient) VALUES (57, 51);
INSERT INTO public.food_ingredient (food, ingredient) VALUES (58, 52);
INSERT INTO public.food_ingredient (food, ingredient) VALUES (59, 42);
INSERT INTO public.food_ingredient (food, ingredient) VALUES (60, 57);
INSERT INTO public.food_ingredient (food, ingredient) VALUES (62, 62);
INSERT INTO public.food_ingredient (food, ingredient) VALUES (63, 31);
INSERT INTO public.food_ingredient (food, ingredient) VALUES (64, 71);
INSERT INTO public.food_ingredient (food, ingredient) VALUES (11, 34);
INSERT INTO public.food_ingredient (food, ingredient) VALUES (12, 34);
INSERT INTO public.food_ingredient (food, ingredient) VALUES (15, 34);
INSERT INTO public.food_ingredient (food, ingredient) VALUES (17, 36);
INSERT INTO public.food_ingredient (food, ingredient) VALUES (21, 51);
INSERT INTO public.food_ingredient (food, ingredient) VALUES (24, 24);
INSERT INTO public.food_ingredient (food, ingredient) VALUES (32, 25);
INSERT INTO public.food_ingredient (food, ingredient) VALUES (35, 25);
INSERT INTO public.food_ingredient (food, ingredient) VALUES (36, 25);
INSERT INTO public.food_ingredient (food, ingredient) VALUES (37, 24);
INSERT INTO public.food_ingredient (food, ingredient) VALUES (41, 60);
INSERT INTO public.food_ingredient (food, ingredient) VALUES (43, 65);
INSERT INTO public.food_ingredient (food, ingredient) VALUES (45, 35);
INSERT INTO public.food_ingredient (food, ingredient) VALUES (47, 60);
INSERT INTO public.food_ingredient (food, ingredient) VALUES (49, 2);
INSERT INTO public.food_ingredient (food, ingredient) VALUES (51, 71);
INSERT INTO public.food_ingredient (food, ingredient) VALUES (53, 13);
INSERT INTO public.food_ingredient (food, ingredient) VALUES (54, 25);
INSERT INTO public.food_ingredient (food, ingredient) VALUES (60, 55);
INSERT INTO public.food_ingredient (food, ingredient) VALUES (62, 60);
INSERT INTO public.food_ingredient (food, ingredient) VALUES (63, 51);
INSERT INTO public.food_ingredient (food, ingredient) VALUES (64, 51);
INSERT INTO public.food_ingredient (food, ingredient) VALUES (11, 73);
INSERT INTO public.food_ingredient (food, ingredient) VALUES (15, 24);
INSERT INTO public.food_ingredient (food, ingredient) VALUES (41, 69);
INSERT INTO public.food_ingredient (food, ingredient) VALUES (53, 38);
INSERT INTO public.food_ingredient (food, ingredient) VALUES (11, 36);
INSERT INTO public.food_ingredient (food, ingredient) VALUES (62, 4);
INSERT INTO public.food_ingredient (food, ingredient) VALUES (63, 25);
INSERT INTO public.food_ingredient (food, ingredient) VALUES (64, 59);
INSERT INTO public.food_ingredient (food, ingredient) VALUES (64, 58);
INSERT INTO public.food_ingredient (food, ingredient) VALUES (1, 46);
INSERT INTO public.food_ingredient (food, ingredient) VALUES (2, 46);
INSERT INTO public.food_ingredient (food, ingredient) VALUES (3, 46);
INSERT INTO public.food_ingredient (food, ingredient) VALUES (4, 46);
INSERT INTO public.food_ingredient (food, ingredient) VALUES (5, 46);
INSERT INTO public.food_ingredient (food, ingredient) VALUES (6, 46);
INSERT INTO public.food_ingredient (food, ingredient) VALUES (7, 46);
INSERT INTO public.food_ingredient (food, ingredient) VALUES (8, 46);
INSERT INTO public.food_ingredient (food, ingredient) VALUES (9, 46);
INSERT INTO public.food_ingredient (food, ingredient) VALUES (10, 46);
INSERT INTO public.food_ingredient (food, ingredient) VALUES (11, 46);
INSERT INTO public.food_ingredient (food, ingredient) VALUES (12, 46);
INSERT INTO public.food_ingredient (food, ingredient) VALUES (13, 46);
INSERT INTO public.food_ingredient (food, ingredient) VALUES (14, 46);
INSERT INTO public.food_ingredient (food, ingredient) VALUES (15, 46);
INSERT INTO public.food_ingredient (food, ingredient) VALUES (16, 46);
INSERT INTO public.food_ingredient (food, ingredient) VALUES (17, 46);
INSERT INTO public.food_ingredient (food, ingredient) VALUES (18, 46);
INSERT INTO public.food_ingredient (food, ingredient) VALUES (19, 46);
INSERT INTO public.food_ingredient (food, ingredient) VALUES (20, 46);
INSERT INTO public.food_ingredient (food, ingredient) VALUES (21, 33);
INSERT INTO public.food_ingredient (food, ingredient) VALUES (22, 30);
INSERT INTO public.food_ingredient (food, ingredient) VALUES (23, 30);
INSERT INTO public.food_ingredient (food, ingredient) VALUES (24, 30);
INSERT INTO public.food_ingredient (food, ingredient) VALUES (25, 30);
INSERT INTO public.food_ingredient (food, ingredient) VALUES (26, 30);
INSERT INTO public.food_ingredient (food, ingredient) VALUES (27, 30);
INSERT INTO public.food_ingredient (food, ingredient) VALUES (28, 30);
INSERT INTO public.food_ingredient (food, ingredient) VALUES (29, 30);
INSERT INTO public.food_ingredient (food, ingredient) VALUES (30, 30);
INSERT INTO public.food_ingredient (food, ingredient) VALUES (31, 30);
INSERT INTO public.food_ingredient (food, ingredient) VALUES (32, 40);
INSERT INTO public.food_ingredient (food, ingredient) VALUES (33, 40);
INSERT INTO public.food_ingredient (food, ingredient) VALUES (34, 11);
INSERT INTO public.food_ingredient (food, ingredient) VALUES (35, 30);
INSERT INTO public.food_ingredient (food, ingredient) VALUES (36, 40);
INSERT INTO public.food_ingredient (food, ingredient) VALUES (37, 11);
INSERT INTO public.food_ingredient (food, ingredient) VALUES (38, 30);
INSERT INTO public.food_ingredient (food, ingredient) VALUES (39, 46);
INSERT INTO public.food_ingredient (food, ingredient) VALUES (40, 46);
INSERT INTO public.food_ingredient (food, ingredient) VALUES (41, 46);
INSERT INTO public.food_ingredient (food, ingredient) VALUES (42, 46);
INSERT INTO public.food_ingredient (food, ingredient) VALUES (43, 46);
INSERT INTO public.food_ingredient (food, ingredient) VALUES (44, 46);
INSERT INTO public.food_ingredient (food, ingredient) VALUES (45, 46);
INSERT INTO public.food_ingredient (food, ingredient) VALUES (46, 46);
INSERT INTO public.food_ingredient (food, ingredient) VALUES (47, 46);
INSERT INTO public.food_ingredient (food, ingredient) VALUES (48, 46);
INSERT INTO public.food_ingredient (food, ingredient) VALUES (49, 46);
INSERT INTO public.food_ingredient (food, ingredient) VALUES (50, 46);
INSERT INTO public.food_ingredient (food, ingredient) VALUES (51, 46);
INSERT INTO public.food_ingredient (food, ingredient) VALUES (52, 46);
INSERT INTO public.food_ingredient (food, ingredient) VALUES (53, 46);
INSERT INTO public.food_ingredient (food, ingredient) VALUES (54, 46);
INSERT INTO public.food_ingredient (food, ingredient) VALUES (55, 46);
INSERT INTO public.food_ingredient (food, ingredient) VALUES (56, 46);
INSERT INTO public.food_ingredient (food, ingredient) VALUES (57, 46);
INSERT INTO public.food_ingredient (food, ingredient) VALUES (58, 46);
INSERT INTO public.food_ingredient (food, ingredient) VALUES (59, 46);
INSERT INTO public.food_ingredient (food, ingredient) VALUES (60, 46);
INSERT INTO public.food_ingredient (food, ingredient) VALUES (61, 46);
INSERT INTO public.food_ingredient (food, ingredient) VALUES (62, 46);
INSERT INTO public.food_ingredient (food, ingredient) VALUES (63, 46);
INSERT INTO public.food_ingredient (food, ingredient) VALUES (64, 46);
INSERT INTO public.food_ingredient (food, ingredient) VALUES (59, 63);
INSERT INTO public.food_ingredient (food, ingredient) VALUES (22, 54);
INSERT INTO public.food_ingredient (food, ingredient) VALUES (1, 1);
INSERT INTO public.food_ingredient (food, ingredient) VALUES (51, 30);
INSERT INTO public.food_ingredient (food, ingredient) VALUES (38, 18);
INSERT INTO public.food_ingredient (food, ingredient) VALUES (11, 30);
INSERT INTO public.food_ingredient (food, ingredient) VALUES (54, 30);
INSERT INTO public.food_ingredient (food, ingredient) VALUES (42, 18);
INSERT INTO public.food_ingredient (food, ingredient) VALUES (47, 9);
INSERT INTO public.food_ingredient (food, ingredient) VALUES (44, 53);
INSERT INTO public.food_ingredient (food, ingredient) VALUES (55, 30);
INSERT INTO public.food_ingredient (food, ingredient) VALUES (4, 16);
INSERT INTO public.food_ingredient (food, ingredient) VALUES (11, 49);
INSERT INTO public.food_ingredient (food, ingredient) VALUES (40, 52);
INSERT INTO public.food_ingredient (food, ingredient) VALUES (55, 6);
INSERT INTO public.food_ingredient (food, ingredient) VALUES (20, 47);
INSERT INTO public.food_ingredient (food, ingredient) VALUES (45, 30);
INSERT INTO public.food_ingredient (food, ingredient) VALUES (6, 30);
INSERT INTO public.food_ingredient (food, ingredient) VALUES (3, 49);
INSERT INTO public.food_ingredient (food, ingredient) VALUES (56, 49);
INSERT INTO public.food_ingredient (food, ingredient) VALUES (36, 21);
INSERT INTO public.food_ingredient (food, ingredient) VALUES (21, 64);
INSERT INTO public.food_ingredient (food, ingredient) VALUES (32, 30);
INSERT INTO public.food_ingredient (food, ingredient) VALUES (17, 30);
INSERT INTO public.food_ingredient (food, ingredient) VALUES (58, 30);
INSERT INTO public.food_ingredient (food, ingredient) VALUES (31, 15);
INSERT INTO public.food_ingredient (food, ingredient) VALUES (39, 41);
INSERT INTO public.food_ingredient (food, ingredient) VALUES (42, 30);
INSERT INTO public.food_ingredient (food, ingredient) VALUES (41, 14);
INSERT INTO public.food_ingredient (food, ingredient) VALUES (20, 30);
INSERT INTO public.food_ingredient (food, ingredient) VALUES (16, 30);
INSERT INTO public.food_ingredient (food, ingredient) VALUES (27, 12);
INSERT INTO public.food_ingredient (food, ingredient) VALUES (61, 70);
INSERT INTO public.food_ingredient (food, ingredient) VALUES (64, 49);
INSERT INTO public.food_ingredient (food, ingredient) VALUES (57, 2);
INSERT INTO public.food_ingredient (food, ingredient) VALUES (29, 57);
INSERT INTO public.food_ingredient (food, ingredient) VALUES (24, 68);
INSERT INTO public.food_ingredient (food, ingredient) VALUES (5, 30);
INSERT INTO public.food_ingredient (food, ingredient) VALUES (14, 54);
INSERT INTO public.food_ingredient (food, ingredient) VALUES (26, 49);
INSERT INTO public.food_ingredient (food, ingredient) VALUES (9, 71);
INSERT INTO public.food_ingredient (food, ingredient) VALUES (59, 30);
INSERT INTO public.food_ingredient (food, ingredient) VALUES (39, 30);
INSERT INTO public.food_ingredient (food, ingredient) VALUES (56, 30);
INSERT INTO public.food_ingredient (food, ingredient) VALUES (41, 30);
INSERT INTO public.food_ingredient (food, ingredient) VALUES (7, 73);
INSERT INTO public.food_ingredient (food, ingredient) VALUES (21, 49);
INSERT INTO public.food_ingredient (food, ingredient) VALUES (53, 30);
INSERT INTO public.food_ingredient (food, ingredient) VALUES (18, 30);
INSERT INTO public.food_ingredient (food, ingredient) VALUES (32, 20);
INSERT INTO public.food_ingredient (food, ingredient) VALUES (64, 30);
INSERT INTO public.food_ingredient (food, ingredient) VALUES (63, 28);
INSERT INTO public.food_ingredient (food, ingredient) VALUES (3, 30);
INSERT INTO public.food_ingredient (food, ingredient) VALUES (60, 30);
INSERT INTO public.food_ingredient (food, ingredient) VALUES (50, 30);
INSERT INTO public.food_ingredient (food, ingredient) VALUES (15, 30);
INSERT INTO public.food_ingredient (food, ingredient) VALUES (29, 6);
INSERT INTO public.food_ingredient (food, ingredient) VALUES (10, 57);
INSERT INTO public.food_ingredient (food, ingredient) VALUES (53, 63);
INSERT INTO public.food_ingredient (food, ingredient) VALUES (50, 66);
INSERT INTO public.food_ingredient (food, ingredient) VALUES (33, 61);
INSERT INTO public.food_ingredient (food, ingredient) VALUES (28, 62);
INSERT INTO public.food_ingredient (food, ingredient) VALUES (37, 18);
INSERT INTO public.food_ingredient (food, ingredient) VALUES (23, 63);
INSERT INTO public.food_ingredient (food, ingredient) VALUES (33, 30);
INSERT INTO public.food_ingredient (food, ingredient) VALUES (34, 30);
INSERT INTO public.food_ingredient (food, ingredient) VALUES (23, 72);
INSERT INTO public.food_ingredient (food, ingredient) VALUES (27, 48);
INSERT INTO public.food_ingredient (food, ingredient) VALUES (47, 30);
INSERT INTO public.food_ingredient (food, ingredient) VALUES (49, 30);
INSERT INTO public.food_ingredient (food, ingredient) VALUES (44, 30);
INSERT INTO public.food_ingredient (food, ingredient) VALUES (14, 30);
INSERT INTO public.food_ingredient (food, ingredient) VALUES (52, 53);
INSERT INTO public.food_ingredient (food, ingredient) VALUES (48, 30);
INSERT INTO public.food_ingredient (food, ingredient) VALUES (40, 30);
INSERT INTO public.food_ingredient (food, ingredient) VALUES (49, 14);
INSERT INTO public.food_ingredient (food, ingredient) VALUES (10, 30);
INSERT INTO public.food_ingredient (food, ingredient) VALUES (46, 30);
INSERT INTO public.food_ingredient (food, ingredient) VALUES (19, 30);
INSERT INTO public.food_ingredient (food, ingredient) VALUES (34, 18);
INSERT INTO public.food_ingredient (food, ingredient) VALUES (19, 70);
INSERT INTO public.food_ingredient (food, ingredient) VALUES (4, 30);
INSERT INTO public.food_ingredient (food, ingredient) VALUES (35, 6);
INSERT INTO public.food_ingredient (food, ingredient) VALUES (46, 14);
INSERT INTO public.food_ingredient (food, ingredient) VALUES (13, 14);
INSERT INTO public.food_ingredient (food, ingredient) VALUES (43, 14);
INSERT INTO public.food_ingredient (food, ingredient) VALUES (22, 49);
INSERT INTO public.food_ingredient (food, ingredient) VALUES (52, 30);
INSERT INTO public.food_ingredient (food, ingredient) VALUES (36, 30);
INSERT INTO public.food_ingredient (food, ingredient) VALUES (62, 30);
INSERT INTO public.food_ingredient (food, ingredient) VALUES (8, 30);
INSERT INTO public.food_ingredient (food, ingredient) VALUES (15, 49);
INSERT INTO public.food_ingredient (food, ingredient) VALUES (9, 30);
INSERT INTO public.food_ingredient (food, ingredient) VALUES (17, 47);
INSERT INTO public.food_ingredient (food, ingredient) VALUES (58, 63);
INSERT INTO public.food_ingredient (food, ingredient) VALUES (43, 30);
INSERT INTO public.food_ingredient (food, ingredient) VALUES (62, 28);
INSERT INTO public.food_ingredient (food, ingredient) VALUES (12, 49);
INSERT INTO public.food_ingredient (food, ingredient) VALUES (31, 63);
INSERT INTO public.food_ingredient (food, ingredient) VALUES (63, 30);
INSERT INTO public.food_ingredient (food, ingredient) VALUES (61, 30);
INSERT INTO public.food_ingredient (food, ingredient) VALUES (45, 60);
INSERT INTO public.food_ingredient (food, ingredient) VALUES (16, 67);
INSERT INTO public.food_ingredient (food, ingredient) VALUES (2, 30);
INSERT INTO public.food_ingredient (food, ingredient) VALUES (38, 47);
INSERT INTO public.food_ingredient (food, ingredient) VALUES (8, 45);
INSERT INTO public.food_ingredient (food, ingredient) VALUES (6, 29);
INSERT INTO public.food_ingredient (food, ingredient) VALUES (7, 30);
INSERT INTO public.food_ingredient (food, ingredient) VALUES (28, 12);
INSERT INTO public.food_ingredient (food, ingredient) VALUES (30, 51);
INSERT INTO public.food_ingredient (food, ingredient) VALUES (57, 30);
INSERT INTO public.food_ingredient (food, ingredient) VALUES (37, 30);
INSERT INTO public.food_ingredient (food, ingredient) VALUES (25, 63);
INSERT INTO public.food_ingredient (food, ingredient) VALUES (26, 12);
INSERT INTO public.food_ingredient (food, ingredient) VALUES (18, 31);
INSERT INTO public.food_ingredient (food, ingredient) VALUES (13, 30);
INSERT INTO public.food_ingredient (food, ingredient) VALUES (35, 19);
INSERT INTO public.food_ingredient (food, ingredient) VALUES (48, 18);
INSERT INTO public.food_ingredient (food, ingredient) VALUES (24, 43);
INSERT INTO public.food_ingredient (food, ingredient) VALUES (5, 60);
INSERT INTO public.food_ingredient (food, ingredient) VALUES (1, 36);
INSERT INTO public.food_ingredient (food, ingredient) VALUES (51, 14);
INSERT INTO public.food_ingredient (food, ingredient) VALUES (30, 57);
INSERT INTO public.food_ingredient (food, ingredient) VALUES (54, 66);
INSERT INTO public.food_ingredient (food, ingredient) VALUES (60, 31);
INSERT INTO public.food_ingredient (food, ingredient) VALUES (12, 30);
INSERT INTO public.food_ingredient (food, ingredient) VALUES (25, 9);
INSERT INTO public.food_ingredient (food, ingredient) VALUES (82, 48);
INSERT INTO public.food_ingredient (food, ingredient) VALUES (82, 16);
INSERT INTO public.food_ingredient (food, ingredient) VALUES (82, 75);
INSERT INTO public.food_ingredient (food, ingredient) VALUES (82, 78);
INSERT INTO public.food_ingredient (food, ingredient) VALUES (83, 74);
INSERT INTO public.food_ingredient (food, ingredient) VALUES (83, 75);
INSERT INTO public.food_ingredient (food, ingredient) VALUES (83, 46);
INSERT INTO public.food_ingredient (food, ingredient) VALUES (83, 79);
INSERT INTO public.food_ingredient (food, ingredient) VALUES (83, 77);
INSERT INTO public.food_ingredient (food, ingredient) VALUES (83, 41);
INSERT INTO public.food_ingredient (food, ingredient) VALUES (84, 75);
INSERT INTO public.food_ingredient (food, ingredient) VALUES (84, 79);
INSERT INTO public.food_ingredient (food, ingredient) VALUES (84, 41);
INSERT INTO public.food_ingredient (food, ingredient) VALUES (84, 71);
INSERT INTO public.food_ingredient (food, ingredient) VALUES (84, 76);
INSERT INTO public.food_ingredient (food, ingredient) VALUES (85, 75);
INSERT INTO public.food_ingredient (food, ingredient) VALUES (85, 79);
INSERT INTO public.food_ingredient (food, ingredient) VALUES (85, 77);
INSERT INTO public.food_ingredient (food, ingredient) VALUES (85, 49);
INSERT INTO public.food_ingredient (food, ingredient) VALUES (86, 74);
INSERT INTO public.food_ingredient (food, ingredient) VALUES (86, 75);
INSERT INTO public.food_ingredient (food, ingredient) VALUES (86, 79);
INSERT INTO public.food_ingredient (food, ingredient) VALUES (86, 77);
INSERT INTO public.food_ingredient (food, ingredient) VALUES (86, 49);
INSERT INTO public.food_ingredient (food, ingredient) VALUES (86, 46);
INSERT INTO public.food_ingredient (food, ingredient) VALUES (86, 16);
INSERT INTO public.food_ingredient (food, ingredient) VALUES (87, 74);
INSERT INTO public.food_ingredient (food, ingredient) VALUES (87, 75);
INSERT INTO public.food_ingredient (food, ingredient) VALUES (87, 79);
INSERT INTO public.food_ingredient (food, ingredient) VALUES (87, 77);
INSERT INTO public.food_ingredient (food, ingredient) VALUES (87, 46);
INSERT INTO public.food_ingredient (food, ingredient) VALUES (87, 65);
INSERT INTO public.food_ingredient (food, ingredient) VALUES (88, 46);
INSERT INTO public.food_ingredient (food, ingredient) VALUES (88, 78);
INSERT INTO public.food_ingredient (food, ingredient) VALUES (88, 51);
INSERT INTO public.food_ingredient (food, ingredient) VALUES (88, 31);
INSERT INTO public.food_ingredient (food, ingredient) VALUES (88, 36);
INSERT INTO public.food_ingredient (food, ingredient) VALUES (89, 75);
INSERT INTO public.food_ingredient (food, ingredient) VALUES (89, 79);
INSERT INTO public.food_ingredient (food, ingredient) VALUES (89, 77);
INSERT INTO public.food_ingredient (food, ingredient) VALUES (89, 46);
INSERT INTO public.food_ingredient (food, ingredient) VALUES (89, 10);
INSERT INTO public.food_ingredient (food, ingredient) VALUES (90, 78);
INSERT INTO public.food_ingredient (food, ingredient) VALUES (90, 79);
INSERT INTO public.food_ingredient (food, ingredient) VALUES (90, 36);
INSERT INTO public.food_ingredient (food, ingredient) VALUES (90, 46);
INSERT INTO public.food_ingredient (food, ingredient) VALUES (90, 67);
INSERT INTO public.food_ingredient (food, ingredient) VALUES (1, 32);
INSERT INTO public.food_ingredient (food, ingredient) VALUES (7, 36);
INSERT INTO public.food_ingredient (food, ingredient) VALUES (10, 25);
INSERT INTO public.food_ingredient (food, ingredient) VALUES (11, 16);
INSERT INTO public.food_ingredient (food, ingredient) VALUES (12, 16);
INSERT INTO public.food_ingredient (food, ingredient) VALUES (13, 26);
INSERT INTO public.food_ingredient (food, ingredient) VALUES (14, 49);
INSERT INTO public.food_ingredient (food, ingredient) VALUES (15, 16);
INSERT INTO public.food_ingredient (food, ingredient) VALUES (17, 34);
INSERT INTO public.food_ingredient (food, ingredient) VALUES (20, 57);
INSERT INTO public.food_ingredient (food, ingredient) VALUES (21, 24);
INSERT INTO public.food_ingredient (food, ingredient) VALUES (23, 66);
INSERT INTO public.food_ingredient (food, ingredient) VALUES (24, 40);
INSERT INTO public.food_ingredient (food, ingredient) VALUES (25, 25);
INSERT INTO public.food_ingredient (food, ingredient) VALUES (29, 51);
INSERT INTO public.food_ingredient (food, ingredient) VALUES (30, 25);
INSERT INTO public.food_ingredient (food, ingredient) VALUES (32, 18);
INSERT INTO public.food_ingredient (food, ingredient) VALUES (34, 25);
INSERT INTO public.food_ingredient (food, ingredient) VALUES (35, 57);
INSERT INTO public.food_ingredient (food, ingredient) VALUES (36, 6);
INSERT INTO public.food_ingredient (food, ingredient) VALUES (37, 57);
INSERT INTO public.food_ingredient (food, ingredient) VALUES (38, 6);
INSERT INTO public.food_ingredient (food, ingredient) VALUES (40, 31);
INSERT INTO public.food_ingredient (food, ingredient) VALUES (41, 22);
INSERT INTO public.food_ingredient (food, ingredient) VALUES (42, 53);
INSERT INTO public.food_ingredient (food, ingredient) VALUES (43, 22);
INSERT INTO public.food_ingredient (food, ingredient) VALUES (44, 48);
INSERT INTO public.food_ingredient (food, ingredient) VALUES (45, 44);
INSERT INTO public.food_ingredient (food, ingredient) VALUES (46, 22);
INSERT INTO public.food_ingredient (food, ingredient) VALUES (47, 1);
INSERT INTO public.food_ingredient (food, ingredient) VALUES (48, 63);
INSERT INTO public.food_ingredient (food, ingredient) VALUES (49, 22);
INSERT INTO public.food_ingredient (food, ingredient) VALUES (50, 57);
INSERT INTO public.food_ingredient (food, ingredient) VALUES (51, 22);
INSERT INTO public.food_ingredient (food, ingredient) VALUES (52, 60);
INSERT INTO public.food_ingredient (food, ingredient) VALUES (53, 18);
INSERT INTO public.food_ingredient (food, ingredient) VALUES (54, 57);
INSERT INTO public.food_ingredient (food, ingredient) VALUES (55, 16);
INSERT INTO public.food_ingredient (food, ingredient) VALUES (56, 4);
INSERT INTO public.food_ingredient (food, ingredient) VALUES (57, 68);
INSERT INTO public.food_ingredient (food, ingredient) VALUES (58, 17);
INSERT INTO public.food_ingredient (food, ingredient) VALUES (59, 58);
INSERT INTO public.food_ingredient (food, ingredient) VALUES (60, 47);
INSERT INTO public.food_ingredient (food, ingredient) VALUES (61, 60);
INSERT INTO public.food_ingredient (food, ingredient) VALUES (62, 34);
INSERT INTO public.food_ingredient (food, ingredient) VALUES (63, 52);
INSERT INTO public.food_ingredient (food, ingredient) VALUES (64, 60);
INSERT INTO public.food_ingredient (food, ingredient) VALUES (11, 8);
INSERT INTO public.food_ingredient (food, ingredient) VALUES (12, 8);
INSERT INTO public.food_ingredient (food, ingredient) VALUES (13, 22);
INSERT INTO public.food_ingredient (food, ingredient) VALUES (14, 25);
INSERT INTO public.food_ingredient (food, ingredient) VALUES (15, 8);
INSERT INTO public.food_ingredient (food, ingredient) VALUES (17, 3);
INSERT INTO public.food_ingredient (food, ingredient) VALUES (20, 25);
INSERT INTO public.food_ingredient (food, ingredient) VALUES (21, 27);
INSERT INTO public.food_ingredient (food, ingredient) VALUES (23, 56);
INSERT INTO public.food_ingredient (food, ingredient) VALUES (24, 37);
INSERT INTO public.food_ingredient (food, ingredient) VALUES (29, 25);
INSERT INTO public.food_ingredient (food, ingredient) VALUES (30, 10);
INSERT INTO public.food_ingredient (food, ingredient) VALUES (32, 19);
INSERT INTO public.food_ingredient (food, ingredient) VALUES (35, 65);
INSERT INTO public.food_ingredient (food, ingredient) VALUES (36, 57);
INSERT INTO public.food_ingredient (food, ingredient) VALUES (37, 65);
INSERT INTO public.food_ingredient (food, ingredient) VALUES (38, 57);
INSERT INTO public.food_ingredient (food, ingredient) VALUES (40, 3);
INSERT INTO public.food_ingredient (food, ingredient) VALUES (41, 16);
INSERT INTO public.food_ingredient (food, ingredient) VALUES (42, 25);
INSERT INTO public.food_ingredient (food, ingredient) VALUES (43, 16);

