INSERT INTO public.type (id, description) VALUES ('32daf241-8c63-49a0-a22d-61057e46a730', 'Pizze');
INSERT INTO public.type (id, description) VALUES ('1dba89ff-852e-404e-b856-85fce22298bb', 'Calzoni');
INSERT INTO public.type (id, description) VALUES ('57f28a37-0577-47ea-8f9c-97c281535630', 'Dolci');
INSERT INTO public.type (id, description) VALUES ('e844bd33-2440-4778-963b-67631d97c311', 'Bevande');
INSERT INTO public.type (id, description) VALUES ('1e20f81b-1241-4eb3-80b7-e7adaab0b4f4', 'Birre');

INSERT INTO public.muppet (id, real_name, "IsAdmin") VALUES ('00000000-0000-0000-0000-000000000000', 'temp-user', false);
INSERT INTO public.muppet (id, real_name, "IsAdmin") VALUES ('39d13415-1f0a-4933-895a-2a568455ecef', 'Crespo Yanier', false);
INSERT INTO public.muppet (id, real_name, "IsAdmin") VALUES ('9fe48127-280a-493b-8d51-11476dfc4524', 'Ellero Cesare', false);
INSERT INTO public.muppet (id, real_name, "IsAdmin") VALUES ('97ca45d8-8e35-4d6a-96b1-3641c1b8b081', 'De Faveri Martina', false);
INSERT INTO public.muppet (id, real_name, "IsAdmin") VALUES ('68a0c3a0-8608-4e5a-8581-32e5206c2b23', 'Di Legami Gianluca', false);
INSERT INTO public.muppet (id, real_name, "IsAdmin") VALUES ('8b86834d-39e7-4250-96f4-678dc693c13f', 'Danzo Fabio', false);
INSERT INTO public.muppet (id, real_name, "IsAdmin") VALUES ('084b2a1b-8255-4e2a-be37-8106f7339508', 'De Tomi Piero', false);
INSERT INTO public.muppet (id, real_name, "IsAdmin") VALUES ('53fa4ef3-844f-4b67-9709-b4156729861d', 'Vinkovic Goranka', false);
INSERT INTO public.muppet (id, real_name, "IsAdmin") VALUES ('04c5d5c6-cf7d-4006-8360-94b99c9f30de', 'Molinaro Simone', false);
INSERT INTO public.muppet (id, real_name, "IsAdmin") VALUES ('6d9a67a3-196b-41e8-96e0-cf4e7e004727', 'Massolo Marco', false);
INSERT INTO public.muppet (id, real_name, "IsAdmin") VALUES ('d58a33c8-273d-425c-896c-5065242d474e', 'Maran Daniel', false);
INSERT INTO public.muppet (id, real_name, "IsAdmin") VALUES ('d006b07c-ff51-4810-9c36-2a9612fa2fc5', 'Trimarchi Gianluca', false);
INSERT INTO public.muppet (id, real_name, "IsAdmin") VALUES ('47fd82be-a4a7-42eb-8e8b-d0f262680fb0', 'Sanna Davide', false);
INSERT INTO public.muppet (id, real_name, "IsAdmin") VALUES ('4d6c7755-7265-4049-89a9-999c1a4d9057', 'Dal Bosco Michele', false);
INSERT INTO public.muppet (id, real_name, "IsAdmin") VALUES ('87a7b6f1-67bb-412e-8ca8-cb40c79db859', 'Fornasin Jacopo', false);
INSERT INTO public.muppet (id, real_name, "IsAdmin") VALUES ('026160e0-8989-4092-bce9-ea313ee71d8b', 'Ascalone Sara', false);
INSERT INTO public.muppet (id, real_name, "IsAdmin") VALUES ('0d3e2cac-3a96-477f-8eb4-059078e85cde', 'Corrain Davide', true);
INSERT INTO public.muppet (id, real_name, "IsAdmin") VALUES ('de745c33-7f8a-422a-9e75-5962d33151dd', 'Gandini Jacopo', false);
INSERT INTO public.muppet (id, real_name, "IsAdmin") VALUES ('ab098b45-9b9f-48ca-9a9a-b5786e483ffe', 'Stefanizzi Valentino', true);
INSERT INTO public.muppet (id, real_name, "IsAdmin") VALUES ('90614e3f-35c7-49f2-a81d-fcd10985095a', 'Slobez Simone', false);
INSERT INTO public.muppet (id, real_name, "IsAdmin") VALUES ('5de28be6-d10c-4908-ae21-b5f43c63346d', 'Simunovic Tomislav', false);
INSERT INTO public.muppet (id, real_name, "IsAdmin") VALUES ('3015210f-6054-42b7-9ec7-6c7e7be69918', 'Iavarone Stefano', false);
INSERT INTO public.muppet (id, real_name, "IsAdmin") VALUES ('8a387890-aacc-4b73-bc59-e3499b6ecfb6', 'Bizzotto Alessio', false);
INSERT INTO public.muppet (id, real_name, "IsAdmin") VALUES ('46f6321a-6eb0-4165-be3d-c2b1b10a82c8', 'Bortelli Mario', false);
INSERT INTO public.muppet (id, real_name, "IsAdmin") VALUES ('25bad5d5-48d4-4961-8467-a47ffceea5d3', 'Viezzi Alberto', true);
INSERT INTO public.muppet (id, real_name, "IsAdmin") VALUES ('3ad69591-ddd3-4ff2-93cc-4b787032d276', 'Humar Roald', true);
INSERT INTO public.muppet (id, real_name, "IsAdmin") VALUES ('0df154e7-b9c9-4c23-b6d0-bbda82bf0492', 'Feront Francesco', true);
INSERT INTO public.muppet (id, real_name, "IsAdmin") VALUES ('c09a66bc-d2d8-468e-bba0-6b6b71c5e69b', 'Scattolini Giorgio', true);
INSERT INTO public.muppet (id, real_name, "IsAdmin") VALUES ('70ee91e4-4fcb-4722-9b83-eaf4c16958ee', 'Stefanizzi Asia', false);

INSERT INTO public.food (id, name, price, visible, type) VALUES ('01005577-7a21-41e3-9051-3b64941a4b4f', 'Tedesca', 8.00, true, '32daf241-8c63-49a0-a22d-61057e46a730');
INSERT INTO public.food (id, name, price, visible, type) VALUES ('3da0095a-9301-4014-b6db-80ab98bca329', 'Ortolana', 8.00, true, '32daf241-8c63-49a0-a22d-61057e46a730');
INSERT INTO public.food (id, name, price, visible, type) VALUES ('6c13a843-14bf-4ced-a293-fe9e6876e260', 'Rusticana', 7.50, true, '32daf241-8c63-49a0-a22d-61057e46a730');
INSERT INTO public.food (id, name, price, visible, type) VALUES ('4bcad21c-d19f-48ad-991c-aaf7c948b744', 'Catalana', 7.50, true, '32daf241-8c63-49a0-a22d-61057e46a730');
INSERT INTO public.food (id, name, price, visible, type) VALUES ('80e3e580-58b8-40bd-96ae-50f99357a854', 'Tris Di Funghi', 7.50, true, '32daf241-8c63-49a0-a22d-61057e46a730');
INSERT INTO public.food (id, name, price, visible, type) VALUES ('96518bed-a87a-4e7e-ab7a-71ed191e7bbf', 'Fiamma', 7.00, true, '32daf241-8c63-49a0-a22d-61057e46a730');
INSERT INTO public.food (id, name, price, visible, type) VALUES ('05a37164-66f9-48a9-8983-8b39587629d4', 'Fantastica', 8.00, true, '32daf241-8c63-49a0-a22d-61057e46a730');
INSERT INTO public.food (id, name, price, visible, type) VALUES ('61d55cfd-5330-4faf-aca0-3161de8855e4', 'Nordica', 7.50, true, '32daf241-8c63-49a0-a22d-61057e46a730');
INSERT INTO public.food (id, name, price, visible, type) VALUES ('742a3d88-c47c-4456-bdfd-325c1f8ee989', 'Montanara', 7.00, true, '32daf241-8c63-49a0-a22d-61057e46a730');
INSERT INTO public.food (id, name, price, visible, type) VALUES ('25cb11e5-4b69-46d6-ae22-f396b1c9298f', 'Vulcana', 7.50, true, '32daf241-8c63-49a0-a22d-61057e46a730');
INSERT INTO public.food (id, name, price, visible, type) VALUES ('a83acd65-2ea9-409e-8afe-1223e19e7bb2', 'Contadina', 7.00, true, '32daf241-8c63-49a0-a22d-61057e46a730');
INSERT INTO public.food (id, name, price, visible, type) VALUES ('749cfd8c-d469-4725-993c-3d59571c4b55', 'Francesina', 8.00, true, '32daf241-8c63-49a0-a22d-61057e46a730');
INSERT INTO public.food (id, name, price, visible, type) VALUES ('e755e738-3f18-4a07-9e5d-5585675ab37d', 'Bionda', 8.00, true, '32daf241-8c63-49a0-a22d-61057e46a730');
INSERT INTO public.food (id, name, price, visible, type) VALUES ('0fc46ca8-10a9-4885-a7ae-a4b533d2a4c4', 'Tutto Formaggio', 8.00, true, '32daf241-8c63-49a0-a22d-61057e46a730');
INSERT INTO public.food (id, name, price, visible, type) VALUES ('c826a15f-2fca-4da0-b024-137440601e31', 'Pizza Sudzuk', 6.50, true, '32daf241-8c63-49a0-a22d-61057e46a730');
INSERT INTO public.food (id, name, price, visible, type) VALUES ('bcf219ec-e4e6-4cdd-a44a-c9e50dd157ca', 'Napoletana', 7.50, true, '32daf241-8c63-49a0-a22d-61057e46a730');
INSERT INTO public.food (id, name, price, visible, type) VALUES ('383ef156-c342-4196-9ea7-1581eb38a270', 'Pizza Halal', 7.50, true, '32daf241-8c63-49a0-a22d-61057e46a730');
INSERT INTO public.food (id, name, price, visible, type) VALUES ('f9a5f71f-c14f-4f36-a5bc-1d86e8a59dcb', 'Pizza Pane', 2.50, true, '32daf241-8c63-49a0-a22d-61057e46a730');
INSERT INTO public.food (id, name, price, visible, type) VALUES ('1f63bfb3-0ac3-4f2c-a612-63f94703f4e5', 'Marinara', 4.00, true, '32daf241-8c63-49a0-a22d-61057e46a730');
INSERT INTO public.food (id, name, price, visible, type) VALUES ('ac2b8fbf-c1e7-4200-9d3d-b7e83a7f2533', 'Timo', 3.50, true, '32daf241-8c63-49a0-a22d-61057e46a730');
INSERT INTO public.food (id, name, price, visible, type) VALUES ('1f9bbd5c-a1c0-44af-bf38-63142a217619', 'Timo+verdure', 5.00, true, '32daf241-8c63-49a0-a22d-61057e46a730');
INSERT INTO public.food (id, name, price, visible, type) VALUES ('d2e6979a-429c-4301-b4dc-c0e1a5cc99ed', 'Margherita', 4.50, true, '32daf241-8c63-49a0-a22d-61057e46a730');
INSERT INTO public.food (id, name, price, visible, type) VALUES ('371d574e-6231-430e-810a-18bdc62173c4', 'Prosciutto', 5.50, true, '32daf241-8c63-49a0-a22d-61057e46a730');
INSERT INTO public.food (id, name, price, visible, type) VALUES ('6b60f2e1-a93f-414f-a8d9-4e62d49e40e9', 'Funghi', 5.50, true, '32daf241-8c63-49a0-a22d-61057e46a730');
INSERT INTO public.food (id, name, price, visible, type) VALUES ('d3298455-65e5-49ad-9337-10776f4acc82', 'Funghi Freschi', 6.00, true, '32daf241-8c63-49a0-a22d-61057e46a730');
INSERT INTO public.food (id, name, price, visible, type) VALUES ('9a492e56-26b2-4e1f-8018-d43bc1e2d769', 'Prosciutto E Funghi', 6.00, true, '32daf241-8c63-49a0-a22d-61057e46a730');
INSERT INTO public.food (id, name, price, visible, type) VALUES ('315f6bdf-76f4-41ee-aea7-cad1bd611938', 'Capricciosa', 6.50, true, '32daf241-8c63-49a0-a22d-61057e46a730');
INSERT INTO public.food (id, name, price, visible, type) VALUES ('68c8b6fd-5f17-4bef-aa52-7622928e0cdb', '4 Stagioni', 6.50, true, '32daf241-8c63-49a0-a22d-61057e46a730');
INSERT INTO public.food (id, name, price, visible, type) VALUES ('f758817f-1303-44a8-8fbc-64ffe6b86678', '4 Formaggi', 5.50, true, '32daf241-8c63-49a0-a22d-61057e46a730');
INSERT INTO public.food (id, name, price, visible, type) VALUES ('8c635916-67d7-4970-bbc3-e39972ca9958', 'Romana', 5.50, true, '32daf241-8c63-49a0-a22d-61057e46a730');
INSERT INTO public.food (id, name, price, visible, type) VALUES ('b76b94f2-44b2-4000-8e48-a140609a7708', 'Siciliana', 5.50, true, '32daf241-8c63-49a0-a22d-61057e46a730');
INSERT INTO public.food (id, name, price, visible, type) VALUES ('8a79fcfb-4e43-4940-9f4f-00a03ab864e5', 'Peperoni', 5.50, true, '32daf241-8c63-49a0-a22d-61057e46a730');
INSERT INTO public.food (id, name, price, visible, type) VALUES ('283024a1-d2db-41c0-aebd-82031a4262e9', 'Melanzane Grigliate', 5.50, true, '32daf241-8c63-49a0-a22d-61057e46a730');
INSERT INTO public.food (id, name, price, visible, type) VALUES ('0a755834-a708-43ad-956f-fea87c7ca842', 'Melanzane Alla Greca', 5.50, true, '32daf241-8c63-49a0-a22d-61057e46a730');
INSERT INTO public.food (id, name, price, visible, type) VALUES ('df0dc9e4-ccf4-469b-8152-de7dc9871c5b', 'Zucchine', 5.50, true, '32daf241-8c63-49a0-a22d-61057e46a730');
INSERT INTO public.food (id, name, price, visible, type) VALUES ('011df576-915d-4b13-a27f-c5046ecf479e', 'Salsiccia', 5.50, true, '32daf241-8c63-49a0-a22d-61057e46a730');
INSERT INTO public.food (id, name, price, visible, type) VALUES ('245d530f-83a4-4216-b668-c4fba591c85a', 'Cocò', 6.00, true, '32daf241-8c63-49a0-a22d-61057e46a730');
INSERT INTO public.food (id, name, price, visible, type) VALUES ('6b2da630-9536-4d2c-9992-24ecce5c1ab4', 'Tonno', 5.50, true, '32daf241-8c63-49a0-a22d-61057e46a730');
INSERT INTO public.food (id, name, price, visible, type) VALUES ('0fb6af41-4332-4c27-a701-4c6386a69b5a', 'Tonno E Cipolla', 6.00, true, '32daf241-8c63-49a0-a22d-61057e46a730');
INSERT INTO public.food (id, name, price, visible, type) VALUES ('6f54e845-fb65-4afb-9e3d-e3bac02b1aea', 'Melanzane Fritte', 6.00, true, '32daf241-8c63-49a0-a22d-61057e46a730');
INSERT INTO public.food (id, name, price, visible, type) VALUES ('eef3e9fb-2948-4b23-8062-356d8a917552', 'Pugliese', 5.50, true, '32daf241-8c63-49a0-a22d-61057e46a730');
INSERT INTO public.food (id, name, price, visible, type) VALUES ('9d3459da-ccb0-4985-80d5-745370961c22', 'Diavola', 5.50, true, '32daf241-8c63-49a0-a22d-61057e46a730');
INSERT INTO public.food (id, name, price, visible, type) VALUES ('a44a6459-9b6c-410b-b7a2-c452cd7baa60', 'Viennese', 5.50, true, '32daf241-8c63-49a0-a22d-61057e46a730');
INSERT INTO public.food (id, name, price, visible, type) VALUES ('c9ef734b-210e-436a-8d1a-02194f5f0d41', 'Porcini', 6.00, true, '32daf241-8c63-49a0-a22d-61057e46a730');
INSERT INTO public.food (id, name, price, visible, type) VALUES ('65bfc646-f8d2-4dbe-82c1-693cd5de4348', 'Ricotta', 5.50, true, '32daf241-8c63-49a0-a22d-61057e46a730');
INSERT INTO public.food (id, name, price, visible, type) VALUES ('280990f4-2208-4fb3-ba13-375ecdedf974', 'Gorgonzola Dolce', 5.50, true, '32daf241-8c63-49a0-a22d-61057e46a730');
INSERT INTO public.food (id, name, price, visible, type) VALUES ('ec068ab1-4311-4144-ac64-109c9ab8de02', 'Caprese', 5.50, true, '32daf241-8c63-49a0-a22d-61057e46a730');
INSERT INTO public.food (id, name, price, visible, type) VALUES ('213094a8-c241-4710-8eca-f596439d97a1', 'Speck', 5.50, true, '32daf241-8c63-49a0-a22d-61057e46a730');
INSERT INTO public.food (id, name, price, visible, type) VALUES ('0d2cf602-fec9-49ed-ac02-dd426bd49d05', 'Crudo', 5.50, true, '32daf241-8c63-49a0-a22d-61057e46a730');
INSERT INTO public.food (id, name, price, visible, type) VALUES ('727935e2-cae9-45f0-bee8-810998de6d9b', 'Ungherese', 5.50, true, '32daf241-8c63-49a0-a22d-61057e46a730');
INSERT INTO public.food (id, name, price, visible, type) VALUES ('1c131b38-22a8-4e55-b256-0890b777f7cf', 'Patatina', 6.00, true, '32daf241-8c63-49a0-a22d-61057e46a730');
INSERT INTO public.food (id, name, price, visible, type) VALUES ('619b1641-8083-49e4-b3a0-a3de803313bc', 'Valtellina', 6.50, true, '32daf241-8c63-49a0-a22d-61057e46a730');
INSERT INTO public.food (id, name, price, visible, type) VALUES ('42342e48-76e9-4ea6-9283-70d95c718b3b', 'Adele', 6.50, true, '32daf241-8c63-49a0-a22d-61057e46a730');
INSERT INTO public.food (id, name, price, visible, type) VALUES ('273189df-5b3e-4320-b4ca-aa3d8c8842a2', 'Borghese', 7.00, true, '32daf241-8c63-49a0-a22d-61057e46a730');
INSERT INTO public.food (id, name, price, visible, type) VALUES ('3b659531-8ffc-4276-a0ed-fbe4e78b46ce', 'Primavera', 7.00, true, '32daf241-8c63-49a0-a22d-61057e46a730');
INSERT INTO public.food (id, name, price, visible, type) VALUES ('5fefb8d6-07bc-4094-9c55-0061843c2830', 'Testa Rossa', 6.50, true, '32daf241-8c63-49a0-a22d-61057e46a730');
INSERT INTO public.food (id, name, price, visible, type) VALUES ('1f26d118-ace9-40d8-a1b8-f45162513050', 'Calabria', 7.50, true, '32daf241-8c63-49a0-a22d-61057e46a730');
INSERT INTO public.food (id, name, price, visible, type) VALUES ('abfe5087-1f98-4a54-b31e-862a6aae2a62', 'Sole', 7.50, true, '32daf241-8c63-49a0-a22d-61057e46a730');
INSERT INTO public.food (id, name, price, visible, type) VALUES ('c7cb5f0e-5bbf-4fc6-b9f6-a0c62b3a60ee', 'Basilicata', 8.00, true, '32daf241-8c63-49a0-a22d-61057e46a730');
INSERT INTO public.food (id, name, price, visible, type) VALUES ('67731031-0ec7-4dfa-b360-fc23849c9ce6', 'L''isola', 8.00, true, '32daf241-8c63-49a0-a22d-61057e46a730');
INSERT INTO public.food (id, name, price, visible, type) VALUES ('81d785c8-7363-46ee-a6a1-242086d8c031', 'Italy', 7.50, true, '32daf241-8c63-49a0-a22d-61057e46a730');
INSERT INTO public.food (id, name, price, visible, type) VALUES ('2d942235-3cc2-48bc-b916-75d3f66d5906', 'Luna', 7.50, true, '32daf241-8c63-49a0-a22d-61057e46a730');
INSERT INTO public.food (id, name, price, visible, type) VALUES ('7db5ba3c-3dc3-4f9c-8365-acc3ddcd1989', 'Mimosa', 7.50, true, '32daf241-8c63-49a0-a22d-61057e46a730');
INSERT INTO public.food (id, name, price, visible, type) VALUES ('7afd022c-ade9-4d8c-a2e7-77e5093aab81', 'Calzone Alle 7 Fontane', 8.00, true, '1dba89ff-852e-404e-b856-85fce22298bb');
INSERT INTO public.food (id, name, price, visible, type) VALUES ('56e06518-3940-46ca-9533-fffed6466c80', 'Calzone', 5.50, true, '1dba89ff-852e-404e-b856-85fce22298bb');
INSERT INTO public.food (id, name, price, visible, type) VALUES ('21d7886c-7afb-4842-b74b-7b50a3b3222f', 'Calzone Farcito', 6.50, true, '1dba89ff-852e-404e-b856-85fce22298bb');
INSERT INTO public.food (id, name, price, visible, type) VALUES ('fd9844e5-1f65-45ce-b3f1-3b496f87072e', 'Calzone Vegetariano', 6.50, true, '1dba89ff-852e-404e-b856-85fce22298bb');
INSERT INTO public.food (id, name, price, visible, type) VALUES ('e53e4fed-1e03-45c8-9420-07f5b98479d5', 'Calzone Ai Formaggi', 6.00, true, '1dba89ff-852e-404e-b856-85fce22298bb');
INSERT INTO public.food (id, name, price, visible, type) VALUES ('e33e35d5-eacd-459c-af88-1301c2c5d42c', 'Coca Cola (0,33 L)', 1.50, true, 'e844bd33-2440-4778-963b-67631d97c311');
INSERT INTO public.food (id, name, price, visible, type) VALUES ('a6ba5398-0096-456d-8490-22d3072be1ad', 'Aranciata (0,33 L)', 1.50, true, 'e844bd33-2440-4778-963b-67631d97c311');
INSERT INTO public.food (id, name, price, visible, type) VALUES ('2ffa97c4-5227-45da-b2b8-3e3def92a3c3', 'Sprite (0,33 L)', 1.50, true, 'e844bd33-2440-4778-963b-67631d97c311');
INSERT INTO public.food (id, name, price, visible, type) VALUES ('9558f08f-cbc1-46e0-9227-406c25475f99', 'Thè limone (0,5 L)', 2.00, true, 'e844bd33-2440-4778-963b-67631d97c311');
INSERT INTO public.food (id, name, price, visible, type) VALUES ('8e6fdf92-e43e-479e-874f-9a098e8e996a', 'Thè pesca (0,5 L)', 2.00, true, 'e844bd33-2440-4778-963b-67631d97c311');
INSERT INTO public.food (id, name, price, visible, type) VALUES ('dbc1433e-e4e3-4a28-97eb-e8072cdabb3e', 'Acqua (0,5 L)', 1.00, true, 'e844bd33-2440-4778-963b-67631d97c311');
INSERT INTO public.food (id, name, price, visible, type) VALUES ('028cb28c-d271-4b36-b91b-3c4f5b63d44b', 'Lasko (0,5 L)', 2.50, true, '1e20f81b-1241-4eb3-80b7-e7adaab0b4f4');
INSERT INTO public.food (id, name, price, visible, type) VALUES ('20a88966-17a6-443c-91fe-403ff7bdefb3', 'Birra (0,33 L)', 1.50, true, '1e20f81b-1241-4eb3-80b7-e7adaab0b4f4');
INSERT INTO public.food (id, name, price, visible, type) VALUES ('d343f24a-f306-4e6c-a98d-bfc8706a89d9', 'Calzone alla Nutella', 3.00, true, '57f28a37-0577-47ea-8f9c-97c281535630');
INSERT INTO public.food (id, name, price, visible, type) VALUES ('cb1297ba-6f0c-444d-9545-5a4bd6bef700', 'Calzone alla Panna', 3.00, true, '57f28a37-0577-47ea-8f9c-97c281535630');
INSERT INTO public.food (id, name, price, visible, type) VALUES ('edebce42-c94a-4407-9737-31e3b0bc712f', 'Tartufo nero', 2.50, true, '57f28a37-0577-47ea-8f9c-97c281535630');
INSERT INTO public.food (id, name, price, visible, type) VALUES ('ff2f3d0d-b687-4c69-89c6-5ea7d4b97cc8', 'Tartufo bianco', 2.50, true, '57f28a37-0577-47ea-8f9c-97c281535630');
INSERT INTO public.food (id, name, price, visible, type) VALUES ('c08844ef-8403-401a-b038-1085d77eb22f', 'Profiteroles', 3.00, true, '57f28a37-0577-47ea-8f9c-97c281535630');
INSERT INTO public.food (id, name, price, visible, type) VALUES ('4d731c1e-4a71-48af-8b14-cbf683d0671a', 'Tiramisù', 3.00, true, '57f28a37-0577-47ea-8f9c-97c281535630');
INSERT INTO public.food (id, name, price, visible, type) VALUES ('ccc251ff-2525-4809-9412-03eb89678bb4', 'Fontane', 7.50, true, '32daf241-8c63-49a0-a22d-61057e46a730');
INSERT INTO public.food (id, name, price, visible, type) VALUES ('3ccbeae7-f208-4d03-bb56-dc4a833a60b7', 'Norma', 6.50, true, '32daf241-8c63-49a0-a22d-61057e46a730');
INSERT INTO public.food (id, name, price, visible, type) VALUES ('dea2d815-a538-4919-9815-1de0de6ec43e', 'Deliziosa', 6.50, true, '32daf241-8c63-49a0-a22d-61057e46a730');
INSERT INTO public.food (id, name, price, visible, type) VALUES ('6f161e37-376d-42d5-8d87-8cc2350af2a6', 'Casareccia', 8.50, true, '32daf241-8c63-49a0-a22d-61057e46a730');
INSERT INTO public.food (id, name, price, visible, type) VALUES ('c1ee7f30-e1b3-4ef3-9781-5b19663fd198', 'Gustosa', 7.00, true, '32daf241-8c63-49a0-a22d-61057e46a730');
INSERT INTO public.food (id, name, price, visible, type) VALUES ('79e241ea-bac6-4bab-8e23-ae0cec21b8bd', 'Golosa', 7.50, true, '32daf241-8c63-49a0-a22d-61057e46a730');
INSERT INTO public.food (id, name, price, visible, type) VALUES ('98c6ed81-fa1d-4f16-883c-714ca1c7b4e8', 'Festiva', 7.50, true, '32daf241-8c63-49a0-a22d-61057e46a730');
INSERT INTO public.food (id, name, price, visible, type) VALUES ('56bf1977-da21-4317-b2bf-cd2901c8d9b2', 'Gelosa', 7.50, true, '32daf241-8c63-49a0-a22d-61057e46a730');
INSERT INTO public.food (id, name, price, visible, type) VALUES ('2abe4eac-5e42-41e6-a6c1-db1d0b11d867', 'Imperiale', 7.50, true, '32daf241-8c63-49a0-a22d-61057e46a730');
INSERT INTO public.food (id, name, price, visible, type) VALUES ('75f13dd1-4a5e-48e0-bdff-7e6bdcb7359a', 'Rucola', 6.50, true, '32daf241-8c63-49a0-a22d-61057e46a730');
INSERT INTO public.food (id, name, price, visible, type) VALUES ('0c425db5-5b7c-4053-9543-e7bffe5238f6', 'Rucola-bresaola', 7.50, true, '32daf241-8c63-49a0-a22d-61057e46a730');
INSERT INTO public.food (id, name, price, visible, type) VALUES ('da60ccce-fbfd-420a-9c0c-3fa9f8bb956c', '1/2cotto+1/2wurstel', 6.00, true, '32daf241-8c63-49a0-a22d-61057e46a730');
INSERT INTO public.food (id, name, price, visible, type) VALUES ('ca840e7c-950a-42fd-88fc-fc08be4b2023', '1/2cotto+1/2crudo', 6.50, true, '32daf241-8c63-49a0-a22d-61057e46a730');
INSERT INTO public.food (id, name, price, visible, type) VALUES ('5332af97-797b-4040-a954-06091a9e6eab', 'Bufalina', 6.50, true, '32daf241-8c63-49a0-a22d-61057e46a730');
INSERT INTO public.food (id, name, price, visible, type) VALUES ('5d4b092c-8405-4aee-bc1b-95d321cd56c8', 'Regina', 7.00, true, '32daf241-8c63-49a0-a22d-61057e46a730');
INSERT INTO public.food (id, name, price, visible, type) VALUES ('22ad7eb7-7b2d-4b3f-9355-95064b45b7e9', 'Vegetariana', 7.00, true, '32daf241-8c63-49a0-a22d-61057e46a730');
INSERT INTO public.food (id, name, price, visible, type) VALUES ('34527adc-dcfe-4008-83dd-29509eec82d6', 'Boscaiola', 7.00, true, '32daf241-8c63-49a0-a22d-61057e46a730');
INSERT INTO public.food (id, name, price, visible, type) VALUES ('b3621002-cdc0-48bf-b4c7-b16c38091c2b', 'Curry', 7.50, true, '32daf241-8c63-49a0-a22d-61057e46a730');
INSERT INTO public.food (id, name, price, visible, type) VALUES ('150f9ba7-ea14-43d3-9431-7759de189487', 'Texana', 6.50, true, '32daf241-8c63-49a0-a22d-61057e46a730');
INSERT INTO public.food (id, name, price, visible, type) VALUES ('db44be1e-9e2f-4e3a-96f5-a163f3a3e2cb', 'Americana', 7.50, true, '32daf241-8c63-49a0-a22d-61057e46a730');
INSERT INTO public.food (id, name, price, visible, type) VALUES ('faae4555-bca6-4591-9e8d-eebc0c30802a', 'Campagnola', 7.50, true, '32daf241-8c63-49a0-a22d-61057e46a730');
INSERT INTO public.food (id, name, price, visible, type) VALUES ('0f7487ea-4cd6-4f72-beca-303f08163b51', 'Triestina', 7.50, true, '32daf241-8c63-49a0-a22d-61057e46a730');
INSERT INTO public.food (id, name, price, visible, type) VALUES ('7cafcf3d-f445-4265-b99d-bec020fc9d6e', 'Stracchinella', 7.00, true, '32daf241-8c63-49a0-a22d-61057e46a730');
INSERT INTO public.food (id, name, price, visible, type) VALUES ('a16f661b-6c5a-45ef-90e0-e2e99564007e', 'Estate', 8.00, true, '32daf241-8c63-49a0-a22d-61057e46a730');
INSERT INTO public.food (id, name, price, visible, type) VALUES ('e2cda38c-d486-4c80-b9f4-bc4b8c888a33', 'Tartufata', 7.50, true, '32daf241-8c63-49a0-a22d-61057e46a730');
INSERT INTO public.food (id, name, price, visible, type) VALUES ('01b6adb2-6fa1-4014-bb73-7d1f015e070f', 'Saporita', 7.50, true, '32daf241-8c63-49a0-a22d-61057e46a730');
INSERT INTO public.food (id, name, price, visible, type) VALUES ('ea31097d-bdbd-45a2-b35a-efac73d39e82', 'Tropicana', 7.50, true, '32daf241-8c63-49a0-a22d-61057e46a730');
INSERT INTO public.food (id, name, price, visible, type) VALUES ('d3262f12-de18-4ca1-9de7-b64eef354bbd', 'Nostrana', 7.50, true, '32daf241-8c63-49a0-a22d-61057e46a730');

INSERT INTO public.ingredient (id, name, price) VALUES ('dbe21108-e05a-40dc-b6b8-19aa4a72e0c2', 'salsiccia nostrana', 1.50);
INSERT INTO public.ingredient (id, name, price) VALUES ('f831f651-2e5d-443d-8b4b-12b1f36b1820', 'prosciutto crudo', 1.50);
INSERT INTO public.ingredient (id, name, price) VALUES ('9b3102b5-4187-4f21-99d4-0223513b5c35', 'salame piccante', 1.50);
INSERT INTO public.ingredient (id, name, price) VALUES ('810fa479-0a32-4410-b67c-323e778b53ec', 'speck', 1.50);
INSERT INTO public.ingredient (id, name, price) VALUES ('31df36a8-01a2-492d-84f0-53e516c73d9f', 'prosciutto', 1.50);
INSERT INTO public.ingredient (id, name, price) VALUES ('1ca47753-678b-4aa3-9186-25f1e9ef9792', 'wurstel', 1.50);
INSERT INTO public.ingredient (id, name, price) VALUES ('f2243120-4fd4-49c7-8fb4-395f3c4de4a1', 'salame ungherese', 1.50);
INSERT INTO public.ingredient (id, name, price) VALUES ('1cf8d6d9-6589-4360-936d-57cb2b69ebe7', 'salame', 1.50);
INSERT INTO public.ingredient (id, name, price) VALUES ('a4454313-aeec-4d9d-a4c4-94d6ab2a9abf', 'radicchio', 1.50);
INSERT INTO public.ingredient (id, name, price) VALUES ('d3340e3a-1c61-4c3e-b79d-774956435eeb', 'rucola', 1.50);
INSERT INTO public.ingredient (id, name, price) VALUES ('c8f913b5-2f4d-41a5-9349-9e0a6e86caa6', 'melanzane alla greca', 1.50);
INSERT INTO public.ingredient (id, name, price) VALUES ('bd369535-485a-48ee-a7a6-94791ff19a15', 'pomodoro fresco', 1.50);
INSERT INTO public.ingredient (id, name, price) VALUES ('a27f3936-78b3-41b7-bed1-573b095ef491', 'olive', 1.50);
INSERT INTO public.ingredient (id, name, price) VALUES ('c291d5b2-ef9f-4d92-b4c5-9559ddb3e812', 'funghi porcini', 1.50);
INSERT INTO public.ingredient (id, name, price) VALUES ('5f0e73b0-3415-4036-b1d7-b81899e86637', 'funghi freschi', 1.50);
INSERT INTO public.ingredient (id, name, price) VALUES ('42c92261-fc15-4c37-88d4-559789b568ae', 'zucchine', 1.50);
INSERT INTO public.ingredient (id, name, price) VALUES ('f304c305-c3cf-414a-8c85-cb9c7cc5c3c2', 'mais', 1.50);
INSERT INTO public.ingredient (id, name, price) VALUES ('6430d6b6-49f8-4422-b8d1-c87445b14ef4', 'melanzane', 1.50);
INSERT INTO public.ingredient (id, name, price) VALUES ('47dd1b00-e0f6-405c-805c-f94bdec13020', 'peperoni', 1.50);
INSERT INTO public.ingredient (id, name, price) VALUES ('24b9b312-8d6f-4b09-83a1-dc5280637426', 'piselli', 1.50);
INSERT INTO public.ingredient (id, name, price) VALUES ('02abf3b1-0c89-4a71-9941-c2cabe1b1566', 'cipolla', 1.50);
INSERT INTO public.ingredient (id, name, price) VALUES ('c956ffd5-ff31-4a29-a4bb-bb4f0cf7f3d8', 'sesamo', 1.50);
INSERT INTO public.ingredient (id, name, price) VALUES ('136a4b8c-f1ca-4e6a-9f85-81f83c55ca0c', 'fagioli', 1.50);
INSERT INTO public.ingredient (id, name, price) VALUES ('2ce9da30-5481-476b-bfd3-1b6a1f2cf702', 'melanzane trifolate', 1.50);
INSERT INTO public.ingredient (id, name, price) VALUES ('0918bf0b-bde7-4ff5-a0b9-780f1337c2dc', 'carciofini', 1.50);
INSERT INTO public.ingredient (id, name, price) VALUES ('a4463f22-9130-4195-bc0a-51b2a413605e', 'pomodorini', 1.50);
INSERT INTO public.ingredient (id, name, price) VALUES ('3d8a9d9b-a434-4c46-8b5a-a42a844f52d8', 'funghi trifolati', 1.50);
INSERT INTO public.ingredient (id, name, price) VALUES ('225fc5f3-25fb-4cdf-9b72-047595654328', 'peperoncino', 1.50);
INSERT INTO public.ingredient (id, name, price) VALUES ('f2945673-cf81-4260-a8fc-eed98e7d7ec6', 'asparagi', 1.50);
INSERT INTO public.ingredient (id, name, price) VALUES ('e2331697-4f4c-4bdb-852e-a61bee890683', 'aglio', 1.50);
INSERT INTO public.ingredient (id, name, price) VALUES ('a185bedf-8974-4750-a938-503762ec4230', 'prezzemolo', 1.50);
INSERT INTO public.ingredient (id, name, price) VALUES ('df2a8f09-db99-48e1-89d5-d1981b978ea2', 'friarielli', 1.50);
INSERT INTO public.ingredient (id, name, price) VALUES ('794eab9e-026f-4b67-afb9-7e6c4f9058df', 'cipolla fresca', 1.50);
INSERT INTO public.ingredient (id, name, price) VALUES ('4dae0251-9f88-4ea6-937e-b763055e82aa', 'melanzane grigliate', 1.50);
INSERT INTO public.ingredient (id, name, price) VALUES ('a587cabc-6c42-48bb-bbf9-8f5a0a7e1566', 'spinaci', 1.50);
INSERT INTO public.ingredient (id, name, price) VALUES ('4ccbab04-c2c7-43e6-b2b1-eb2f02e4e2b0', 'gorgonzola dolce', 1.50);
INSERT INTO public.ingredient (id, name, price) VALUES ('06a6bbff-6daa-4309-b12d-e2e81e8c1919', 'grana', 1.50);
INSERT INTO public.ingredient (id, name, price) VALUES ('f9bd795e-af40-482d-9e4a-6e5de4b7ce6d', 'ricotta', 1.50);
INSERT INTO public.ingredient (id, name, price) VALUES ('9661a17f-8626-474f-83fa-8a1fe92bf5e1', 'provola', 1.50);
INSERT INTO public.ingredient (id, name, price) VALUES ('055a6bb9-90a2-428a-9f93-c35c1d106836', 'edamer', 1.50);
INSERT INTO public.ingredient (id, name, price) VALUES ('71155531-5e1d-465a-b387-9acf64713fe9', 'stracchino', 1.50);
INSERT INTO public.ingredient (id, name, price) VALUES ('cf9e2e45-0f39-4610-846b-af0a3a360aed', 'brie', 2.50);
INSERT INTO public.ingredient (id, name, price) VALUES ('423d2fdd-412a-4ede-bde4-e8cbe0adb257', 'mozzarella di bufala', 2.50);
INSERT INTO public.ingredient (id, name, price) VALUES ('e585c09b-8188-4fe0-aa0d-585cb01c0cb0', 'gamberetti', 2.50);
INSERT INTO public.ingredient (id, name, price) VALUES ('ebbbe624-5a73-40c0-b64d-ccc91a1da1ee', 'panna', 1.00);
INSERT INTO public.ingredient (id, name, price) VALUES ('3b65b49d-f1a8-4fd8-9e5e-4964013e37c9', 'salsa', 1.00);
INSERT INTO public.ingredient (id, name, price) VALUES ('6d0b61b8-7612-4a95-a613-07a80135eb4f', 'uovo', 1.00);
INSERT INTO public.ingredient (id, name, price) VALUES ('89711ff3-b4d7-4d9c-b1a5-53fb4fd7c598', 'basilico', 1.00);
INSERT INTO public.ingredient (id, name, price) VALUES ('b97da0a8-ac64-4efe-8198-2e4ab55c2873', 'patatine fritte', 1.00);
INSERT INTO public.ingredient (id, name, price) VALUES ('a9d8f3c0-44d4-4d9d-8373-f765f582dbbd', 'melanzane fritte', 2.00);
INSERT INTO public.ingredient (id, name, price) VALUES ('f62034cd-6d2a-4c49-bb1c-e37e8c094e8d', 'bresaola', 2.00);
INSERT INTO public.ingredient (id, name, price) VALUES ('6bc63bc7-8bf6-46e3-b212-20e12f6df6a1', 'doppia pasta', 2.50);
INSERT INTO public.ingredient (id, name, price) VALUES ('5f86820f-a4da-4b2f-a9e6-be3eae0f78be', 'crema di tartufo', 2.00);
INSERT INTO public.ingredient (id, name, price) VALUES ('dc906022-276d-4903-929b-9763006c63f5', 'crema di olive', 2.00);
INSERT INTO public.ingredient (id, name, price) VALUES ('ffccd083-350f-4e9f-9b55-233be94826bd', 'pomodoro', null);
INSERT INTO public.ingredient (id, name, price) VALUES ('10889c9b-5d2d-4015-bd91-e2a7132a49a7', 'mozzarella', null);
INSERT INTO public.ingredient (id, name, price) VALUES ('fe756794-da0d-41d3-8cb6-9c457588ac78', 'origano', null);
INSERT INTO public.ingredient (id, name, price) VALUES ('8615d126-fb46-40e6-9026-8f6b343163df', 'curry', null);
INSERT INTO public.ingredient (id, name, price) VALUES ('195538a6-246e-4386-acf0-0bd05b069fbc', 'olio piccante', null);
INSERT INTO public.ingredient (id, name, price) VALUES ('6d2fd91b-1260-4e56-b336-ea281a7d7de7', 'acciughe', null);
INSERT INTO public.ingredient (id, name, price) VALUES ('a00a9b80-776a-4112-8d1c-16ffda0e4d88', 'capperi', null);
INSERT INTO public.ingredient (id, name, price) VALUES ('95a6526d-6772-44fa-b8f4-8c279423ff7e', 'olio', null);
INSERT INTO public.ingredient (id, name, price) VALUES ('7924f36b-c731-4e44-bd15-d47342e0d1c8', 'sudzuk', null);
INSERT INTO public.ingredient (id, name, price) VALUES ('a0b7a984-3e4a-4370-a083-1910dc8b3f12', 'olio extra vergine d''oliva', null);
INSERT INTO public.ingredient (id, name, price) VALUES ('21bd9ba3-6ad9-4271-9ead-d0e6e494fa25', 'timo', null);
INSERT INTO public.ingredient (id, name, price) VALUES ('8973b951-013e-4c8f-b4b2-fcad182ea210', 'tonno', null);
INSERT INTO public.ingredient (id, name, price) VALUES ('c6df5bc3-3593-4384-b07a-96208dcee173', 'pesto', null);