INSERT INTO public.type (id, description) VALUES ('2ee7bc5b-1ec1-4e4b-b457-1206fd1cbdd3', 'Pizzeria');
INSERT INTO public.type (id, description) VALUES ('11245cbf-994c-49f9-a257-d565540009d4', 'Restaurant');
INSERT INTO public.type (id, description) VALUES ('14b9896f-9e6f-41e3-a006-cda203c72fd0', 'Bakery');
INSERT INTO public.type (id, description) VALUES ('9dbd90e1-911a-48e1-a1bd-c9e8c969d527', 'SubShop');

INSERT INTO food(id, name, price, visible, type) VALUES ('82322b89-f2bf-44fc-bf9b-0f705ba6383a', 'Salmone', 8.00, true, '2ee7bc5b-1ec1-4e4b-b457-1206fd1cbdd3');
INSERT INTO food(id, name, price, visible, type) VALUES ('85a18247-66d3-485a-830f-0e9caef0a275', 'Tris di Funghi', 8.00, true, '2ee7bc5b-1ec1-4e4b-b457-1206fd1cbdd3');
INSERT INTO food(id, name, price, visible, type) VALUES ('f5ff6658-2209-48e6-887a-8841cf741aa1', 'Meditteranea', 7.50, true, '2ee7bc5b-1ec1-4e4b-b457-1206fd1cbdd3');
INSERT INTO food(id, name, price, visible, type) VALUES ('27e9ac21-3d77-4042-8a36-bb9d742d59f9', 'Esplosiva', 7.50, true, '2ee7bc5b-1ec1-4e4b-b457-1206fd1cbdd3');
INSERT INTO food(id, name, price, visible, type) VALUES ('1c820ca5-ef58-448f-a4da-732efa036865', 'Calzone Saporito', 7.50, true, '2ee7bc5b-1ec1-4e4b-b457-1206fd1cbdd3');
INSERT INTO food(id, name, price, visible, type) VALUES ('bdb4862d-a817-4924-a492-60a80e836f8f', 'Super-Crock con Salsiccia', 7.50, true, '2ee7bc5b-1ec1-4e4b-b457-1206fd1cbdd3');
INSERT INTO food(id, name, price, visible, type) VALUES ('b1bb410a-e2c6-4dff-852f-df5aaa1e079d', 'Super-Crock con Porchetta', 7.50, true, '2ee7bc5b-1ec1-4e4b-b457-1206fd1cbdd3');
INSERT INTO food(id, name, price, visible, type) VALUES ('d54bb96e-383c-46ee-a1d5-c46398f3f76c', 'Super-Crock con Prosciutto', 7.50, true, '2ee7bc5b-1ec1-4e4b-b457-1206fd1cbdd3');
INSERT INTO food(id, name, price, visible, type) VALUES ('48bd9b7c-b426-4d83-ad13-aeb769e17fce', 'Los Angeles', 7.50, true, '2ee7bc5b-1ec1-4e4b-b457-1206fd1cbdd3');
INSERT INTO food(id, name, price, visible, type) VALUES ('d2925871-9c1a-4365-9b03-a9b892636ff8', 'Carbonara', 7.00, true, '2ee7bc5b-1ec1-4e4b-b457-1206fd1cbdd3');
INSERT INTO food(id, name, price, visible, type) VALUES ('5069800c-88b9-4126-87e8-ce956acec544', 'Golosa', 8.00, true, '2ee7bc5b-1ec1-4e4b-b457-1206fd1cbdd3');
INSERT INTO food(id, name, price, visible, type) VALUES ('e8e9e1c5-fa6d-45e7-9a90-81d6bbc3451c', 'Calzone Fritto', 6.00, true, '2ee7bc5b-1ec1-4e4b-b457-1206fd1cbdd3');
INSERT INTO food(id, name, price, visible, type) VALUES ('496d5484-c7e5-4bd8-81b0-5c02980481fa', 'Mascarzone', 6.50, true, '2ee7bc5b-1ec1-4e4b-b457-1206fd1cbdd3');
INSERT INTO food(id, name, price, visible, type) VALUES ('f43f766d-f12a-473d-93b8-4870ee12f270', 'Fresca', 6.50, true, '2ee7bc5b-1ec1-4e4b-b457-1206fd1cbdd3');
INSERT INTO food(id, name, price, visible, type) VALUES ('9e35a1cf-3839-4f85-b7a9-d996850e6709', 'Verdure', 6.50, true, '2ee7bc5b-1ec1-4e4b-b457-1206fd1cbdd3');
INSERT INTO food(id, name, price, visible, type) VALUES ('58b19a23-f741-4ae4-b85b-2d59eb4d868b', 'Bufala', 6.00, true, '2ee7bc5b-1ec1-4e4b-b457-1206fd1cbdd3');
INSERT INTO food(id, name, price, visible, type) VALUES ('c8902369-58ff-415d-84ac-afc14bc87419', 'Caprese', 6.00, true, '2ee7bc5b-1ec1-4e4b-b457-1206fd1cbdd3');
INSERT INTO food(id, name, price, visible, type) VALUES ('3ce60bda-7dd1-417e-88fc-37df67add31b', 'Tonno', 6.00, true, '2ee7bc5b-1ec1-4e4b-b457-1206fd1cbdd3');
INSERT INTO food(id, name, price, visible, type) VALUES ('68717b26-963e-46e6-9bc4-01a2021ae237', 'Calzone Farcito', 7.00, true, '2ee7bc5b-1ec1-4e4b-b457-1206fd1cbdd3');
INSERT INTO food(id, name, price, visible, type) VALUES ('6298509f-7252-4f11-a69b-449f8d0b87bc', 'Calzone', 6.00, true, '2ee7bc5b-1ec1-4e4b-b457-1206fd1cbdd3');
INSERT INTO food(id, name, price, visible, type) VALUES ('9ee1f6ed-1510-45c9-873c-9e8c9e895192', '4 Formaggi', 6.00, true, '2ee7bc5b-1ec1-4e4b-b457-1206fd1cbdd3');
INSERT INTO food(id, name, price, visible, type) VALUES ('80101dbf-5d30-419f-8e17-de561304a596', '4 Stagioni', 6.00, true, '2ee7bc5b-1ec1-4e4b-b457-1206fd1cbdd3');
INSERT INTO food(id, name, price, visible, type) VALUES ('bd45d80f-1810-4be5-9d0b-36bd66644297', 'Capricciosa', 6.00, true, '2ee7bc5b-1ec1-4e4b-b457-1206fd1cbdd3');
INSERT INTO food(id, name, price, visible, type) VALUES ('c7c1b757-97c8-443e-af19-1c239589e964', 'Rucola', 5.50, true, '2ee7bc5b-1ec1-4e4b-b457-1206fd1cbdd3');
INSERT INTO food(id, name, price, visible, type) VALUES ('a59055a5-60d0-426e-a52f-b570c69bd0e9', 'Viennese', 5.50, true, '2ee7bc5b-1ec1-4e4b-b457-1206fd1cbdd3');
INSERT INTO food(id, name, price, visible, type) VALUES ('e0f42c8f-7679-462a-bb0e-5fc85f775963', 'Peperoni', 5.50, true, '2ee7bc5b-1ec1-4e4b-b457-1206fd1cbdd3');
INSERT INTO food(id, name, price, visible, type) VALUES ('4189c66f-2ede-4af9-b77b-3821ce67627b', 'Romana', 5.50, true, '2ee7bc5b-1ec1-4e4b-b457-1206fd1cbdd3');
INSERT INTO food(id, name, price, visible, type) VALUES ('2154d8e0-5de5-46d4-b29d-b0a5248f5c01', 'Melanzane', 5.00, true, '2ee7bc5b-1ec1-4e4b-b457-1206fd1cbdd3');
INSERT INTO food(id, name, price, visible, type) VALUES ('b7c56e3b-ac97-42ea-8a7c-55a84a7af650', 'Diavola', 5.00, true, '2ee7bc5b-1ec1-4e4b-b457-1206fd1cbdd3');
INSERT INTO food(id, name, price, visible, type) VALUES ('f04ed8b4-dee7-48c1-940f-176509a7cad9', 'Funghi', 5.00, true, '2ee7bc5b-1ec1-4e4b-b457-1206fd1cbdd3');
INSERT INTO food(id, name, price, visible, type) VALUES ('8b1b003e-bfc2-4eff-9236-f34294d62417', 'Prosciutto', 5.00, true, '2ee7bc5b-1ec1-4e4b-b457-1206fd1cbdd3');
INSERT INTO food(id, name, price, visible, type) VALUES ('bd47989a-41e8-4410-a5b1-50c04d5afb09', 'Margherita', 4.00, true, '2ee7bc5b-1ec1-4e4b-b457-1206fd1cbdd3');
INSERT INTO food(id, name, price, visible, type) VALUES ('4b5bca13-f824-45ac-9754-7feeed42d183', 'Marinara', 3.50, true, '2ee7bc5b-1ec1-4e4b-b457-1206fd1cbdd3');
INSERT INTO food(id, name, price, visible, type) VALUES ('e2321785-f2d5-4fd2-917a-27f1618ded33', 'Delicata', 7.50, true, '2ee7bc5b-1ec1-4e4b-b457-1206fd1cbdd3');
INSERT INTO food(id, name, price, visible, type) VALUES ('5e601b60-db92-4ee2-ae89-da375c475ee7', 'Delizia', 7.50, true, '2ee7bc5b-1ec1-4e4b-b457-1206fd1cbdd3');
INSERT INTO food(id, name, price, visible, type) VALUES ('100726fc-52c4-45e6-ac2f-73d6073a24d8', 'Rustica', 7.50, true, '2ee7bc5b-1ec1-4e4b-b457-1206fd1cbdd3');
INSERT INTO food(id, name, price, visible, type) VALUES ('e3b86059-ba40-45a1-a5c7-0a5719bc639a', 'Bomba', 7.00, true, '2ee7bc5b-1ec1-4e4b-b457-1206fd1cbdd3');
INSERT INTO food(id, name, price, visible, type) VALUES ('67b9783c-c681-4306-b9a9-06e1171996ee', 'Sfiziosa', 7.00, true, '2ee7bc5b-1ec1-4e4b-b457-1206fd1cbdd3');
INSERT INTO food(id, name, price, visible, type) VALUES ('296ad6be-e3ac-4b0c-9a28-ad0eaef68ae5', 'Siciliana', 7.00, true, '2ee7bc5b-1ec1-4e4b-b457-1206fd1cbdd3');
INSERT INTO food(id, name, price, visible, type) VALUES ('ae5f322c-f9bb-492b-bde5-44d887bed2f1', 'Fantastica', 7.50, true, '2ee7bc5b-1ec1-4e4b-b457-1206fd1cbdd3');
INSERT INTO food(id, name, price, visible, type) VALUES ('810af07a-fb2e-4a8c-a635-636c2619712f', 'Tirolese', 8.50, true, '2ee7bc5b-1ec1-4e4b-b457-1206fd1cbdd3');
INSERT INTO food(id, name, price, visible, type) VALUES ('8e593899-683c-4edb-bbba-001cc62a55e8', 'Trevigiana', 7.00, true, '2ee7bc5b-1ec1-4e4b-b457-1206fd1cbdd3');
INSERT INTO food(id, name, price, visible, type) VALUES ('b89c9783-0867-4ff8-a2c5-d4de92f765d7', 'Montanara', 7.00, true, '2ee7bc5b-1ec1-4e4b-b457-1206fd1cbdd3');
INSERT INTO food(id, name, price, visible, type) VALUES ('109bd4e2-daa1-4e67-9abc-4fe835aaef4c', 'Provolina', 7.00, true, '2ee7bc5b-1ec1-4e4b-b457-1206fd1cbdd3');
INSERT INTO food(id, name, price, visible, type) VALUES ('1278f0e3-e6ac-454d-a627-4f5507a87846', 'Boys', 6.00, true, '2ee7bc5b-1ec1-4e4b-b457-1206fd1cbdd3');
INSERT INTO food(id, name, price, visible, type) VALUES ('6b18834e-f6c4-4896-b74a-a09ab8bc247a', 'Primavera', 8.50, true, '2ee7bc5b-1ec1-4e4b-b457-1206fd1cbdd3');
INSERT INTO food(id, name, price, visible, type) VALUES ('8f49ec60-93d8-41fa-b3b0-f6d24eca7c2c', 'Super-Tartufata', 8.50, true, '2ee7bc5b-1ec1-4e4b-b457-1206fd1cbdd3');
INSERT INTO food(id, name, price, visible, type) VALUES ('a1fe6102-6c00-49a3-ba71-8ceb1e260547', 'Saporita', 8.50, true, '2ee7bc5b-1ec1-4e4b-b457-1206fd1cbdd3');
INSERT INTO food(id, name, price, visible, type) VALUES ('060734d3-b14d-428d-96f9-b054c4c91bdb', 'Boschetto', 8.50, true, '2ee7bc5b-1ec1-4e4b-b457-1206fd1cbdd3');
INSERT INTO food(id, name, price, visible, type) VALUES ('022c4afb-29ea-455f-b17b-3b39dd611672', 'Tartufata', 8.00, true, '2ee7bc5b-1ec1-4e4b-b457-1206fd1cbdd3');
INSERT INTO food(id, name, price, visible, type) VALUES ('a5c59c23-214d-4373-9c02-d0dc8c5bb420', 'Salumi', 10.00, true, '2ee7bc5b-1ec1-4e4b-b457-1206fd1cbdd3');
INSERT INTO food(id, name, price, visible, type) VALUES ('44ee9841-4bf5-45f9-9ff0-6a16b3f4fe5e', 'Artisti', 9.50, true, '2ee7bc5b-1ec1-4e4b-b457-1206fd1cbdd3');
INSERT INTO food(id, name, price, visible, type) VALUES ('a0491f07-cd81-4f56-80c8-e19d5421ee86', 'Boris', 9.50, true, '2ee7bc5b-1ec1-4e4b-b457-1206fd1cbdd3');
INSERT INTO food(id, name, price, visible, type) VALUES ('8f91b959-3e08-4105-ba66-50ac08be42e0', 'Vanessa', 8.50, true, '2ee7bc5b-1ec1-4e4b-b457-1206fd1cbdd3');
INSERT INTO food(id, name, price, visible, type) VALUES ('a39ec361-1af8-4a5f-86bf-f5530ccb7b47', 'Estate', 8.50, true, '2ee7bc5b-1ec1-4e4b-b457-1206fd1cbdd3');
INSERT INTO food(id, name, price, visible, type) VALUES ('cb23c48a-8d89-46c0-aa97-4c55be55ae4f', 'Friulana', 8.50, true, '2ee7bc5b-1ec1-4e4b-b457-1206fd1cbdd3');
INSERT INTO food(id, name, price, visible, type) VALUES ('4d87fbed-8af7-42eb-8f6b-b029741ba09e', 'Imperiale', 8.50, true, '2ee7bc5b-1ec1-4e4b-b457-1206fd1cbdd3');
INSERT INTO food(id, name, price, visible, type) VALUES ('40b045de-22c4-4d41-8d35-9a2c654c99c8', 'Inverno', 8.00, true, '2ee7bc5b-1ec1-4e4b-b457-1206fd1cbdd3');
INSERT INTO food(id, name, price, visible, type) VALUES ('afa4e84c-c1b4-47eb-be28-979e67679ab1', 'Simpson', 8.00, true, '2ee7bc5b-1ec1-4e4b-b457-1206fd1cbdd3');
INSERT INTO food(id, name, price, visible, type) VALUES ('21ac53d2-62b2-46cb-b893-0f1288646511', 'Fattoria', 8.00, true, '2ee7bc5b-1ec1-4e4b-b457-1206fd1cbdd3');
INSERT INTO food(id, name, price, visible, type) VALUES ('bbc9bc12-3335-45cf-b649-9b3d801de50d', 'Bresaola', 7.50, true, '2ee7bc5b-1ec1-4e4b-b457-1206fd1cbdd3');
INSERT INTO food(id, name, price, visible, type) VALUES ('0ae8fe8e-7754-488b-9fab-10e52c953dc6', 'Curry', 7.50, true, '2ee7bc5b-1ec1-4e4b-b457-1206fd1cbdd3');
INSERT INTO food(id, name, price, visible, type) VALUES ('69417870-624c-425b-872a-685672738543', 'Piccantina', 7.50, true, '2ee7bc5b-1ec1-4e4b-b457-1206fd1cbdd3');
INSERT INTO food(id, name, price, visible, type) VALUES ('e7d1e54d-43dc-4d04-afab-657cd768e8a1', 'New York', 7.50, true, '2ee7bc5b-1ec1-4e4b-b457-1206fd1cbdd3');
INSERT INTO food(id, name, price, visible, type) VALUES ('70c2a925-4c9e-4df3-a6df-97441b0cd168', 'Profiteroles', 4.00, true, '14b9896f-9e6f-41e3-a006-cda203c72fd0');
INSERT INTO food(id, name, price, visible, type) VALUES ('329cfa53-b0f5-4ffd-8c43-e74595a1ba4e', 'Tartufo Bianco / Nero', 2.50, true, '14b9896f-9e6f-41e3-a006-cda203c72fd0');
INSERT INTO food(id, name, price, visible, type) VALUES ('f39cc1dc-ca7f-4457-b106-53c898fe3d07', 'Pizza Nutella', 5.00, true, '14b9896f-9e6f-41e3-a006-cda203c72fd0');
INSERT INTO food(id, name, price, visible, type) VALUES ('bd0a23fb-a71c-48d7-a434-6df65621b4ea', 'Cornetto alla Nutella', 3.50, true, '14b9896f-9e6f-41e3-a006-cda203c72fd0');
INSERT INTO food(id, name, price, visible, type) VALUES ('96f7b995-6e3a-441d-8ab1-b1442b0675e5', 'Crepes Nutella / Marmellata', 3.50, true, '14b9896f-9e6f-41e3-a006-cda203c72fd0');
INSERT INTO food(id, name, price, visible, type) VALUES ('8bc0b119-56fc-4f2a-9538-2502f9e2e95b', 'Tortino al Cioccolato', 2.50, false, '14b9896f-9e6f-41e3-a006-cda203c72fd0');
INSERT INTO food(id, name, price, visible, type) VALUES ('44c5892d-5e5f-4a61-bbd3-19295567fdc5', 'Tiramisu', 3.50, false, '14b9896f-9e6f-41e3-a006-cda203c72fd0');
INSERT INTO food(id, name, price, visible, type) VALUES ('4c81b4fa-d374-479a-b055-03910821d128', 'Pollo al Forno e Patate', 8.00, false, '11245cbf-994c-49f9-a257-d565540009d4');
INSERT INTO food(id, name, price, visible, type) VALUES ('31ccb4c7-4a03-478c-89d8-6f6002c400e5', 'Scaloppine (al vino, al limone, ai funghi', 7.00, false, '11245cbf-994c-49f9-a257-d565540009d4');
INSERT INTO food(id, name, price, visible, type) VALUES ('e995f371-68a8-46d1-8131-25813c3ccdc0', 'Lonza al Senape e Patate', 8.00, false, '11245cbf-994c-49f9-a257-d565540009d4');
INSERT INTO food(id, name, price, visible, type) VALUES ('2be4ea8e-9b00-44a5-b44d-1af23ecda909', 'Salsicce al vino rosso', 6.50, false, '11245cbf-994c-49f9-a257-d565540009d4');
INSERT INTO food(id, name, price, visible, type) VALUES ('8afd81f3-0181-4899-a291-52b101aa9eee', 'Grigliata Mista', 13.00, false, '11245cbf-994c-49f9-a257-d565540009d4');
INSERT INTO food(id, name, price, visible, type) VALUES ('52ecf4b3-0939-49e8-b9d4-586f4daf64f5', 'Lubianska', 9.00, false, '11245cbf-994c-49f9-a257-d565540009d4');
INSERT INTO food(id, name, price, visible, type) VALUES ('5ac4e93b-585c-4dce-8fc7-64d53544ddf1', 'Verdure alla Piastra', 3.50, true, '11245cbf-994c-49f9-a257-d565540009d4');
INSERT INTO food(id, name, price, visible, type) VALUES ('d71f9ca0-0f0e-4d3d-9eb6-1f42995ea09d', 'Crocchette di Patate', 3.50, true, '11245cbf-994c-49f9-a257-d565540009d4');
INSERT INTO food(id, name, price, visible, type) VALUES ('372d4ed1-278a-461b-9277-892b47175650', 'Patatine Fritte', 3.00, true, '11245cbf-994c-49f9-a257-d565540009d4');
INSERT INTO food(id, name, price, visible, type) VALUES ('d8949a95-7d23-4277-be8a-4596e3a1c8a2', 'Insalatona', 7.50, true, '11245cbf-994c-49f9-a257-d565540009d4');
INSERT INTO food(id, name, price, visible, type) VALUES ('5e328609-6943-4386-8a20-37b6c0428bec', 'Insalata Mista', 4.00, true, '11245cbf-994c-49f9-a257-d565540009d4');
INSERT INTO food(id, name, price, visible, type) VALUES ('17d95c46-f224-4a46-a521-631d3def008f', 'Insalata', 3.00, true, '11245cbf-994c-49f9-a257-d565540009d4');
INSERT INTO food(id, name, price, visible, type) VALUES ('bc9540f6-ce99-45fb-a53b-b7791b28580d', 'Calamari Fritti e Patatine', 9.00, true, '11245cbf-994c-49f9-a257-d565540009d4');
INSERT INTO food(id, name, price, visible, type) VALUES ('d5c1c8b2-3b31-49bb-bbbd-b88913af47c5', 'Milanese e Patatine Fritte', 7.50, true, '11245cbf-994c-49f9-a257-d565540009d4');
INSERT INTO food(id, name, price, visible, type) VALUES ('fd0ad6bb-520d-44f5-ba09-318764b9436a', 'Tagliata di Pollo', 8.00, true, '11245cbf-994c-49f9-a257-d565540009d4');
INSERT INTO food(id, name, price, visible, type) VALUES ('077c25b0-32e1-4792-8b66-ec00c414ca47', 'Petto di Pollo e Patate', 7.50, true, '11245cbf-994c-49f9-a257-d565540009d4');
INSERT INTO food(id, name, price, visible, type) VALUES ('2784d65c-0fe4-4850-9ba6-5d90e04dfbfa', 'Pollo Disossato e Patate', 7.50, true, '11245cbf-994c-49f9-a257-d565540009d4');
INSERT INTO food(id, name, price, visible, type) VALUES ('5046a77e-75a9-4d9a-b430-7324db519140', 'Panino Estate', 7.00, true, '9dbd90e1-911a-48e1-a1bd-c9e8c969d527');
INSERT INTO food(id, name, price, visible, type) VALUES ('f51b8b4f-a6d3-4e51-b574-0ee38679dc8e', 'Rio Mare', 6.00, true, '9dbd90e1-911a-48e1-a1bd-c9e8c969d527');
INSERT INTO food(id, name, price, visible, type) VALUES ('d5227b74-5a62-4a8e-a580-efa0a15cc4c8', 'Vegetariano', 6.50, true, '9dbd90e1-911a-48e1-a1bd-c9e8c969d527');
INSERT INTO food(id, name, price, visible, type) VALUES ('580193e4-a725-4b39-855d-6868eb14be3b', 'Super', 7.00, true, '9dbd90e1-911a-48e1-a1bd-c9e8c969d527');
INSERT INTO food(id, name, price, visible, type) VALUES ('fa3f7dcd-a357-4f55-a961-c79952a9bab6', 'Boss', 7.00, true, '9dbd90e1-911a-48e1-a1bd-c9e8c969d527');
INSERT INTO food(id, name, price, visible, type) VALUES ('fe71fc91-27b6-4a06-ac6b-a6f8a767e2f0', 'Classico', 6.00, true, '9dbd90e1-911a-48e1-a1bd-c9e8c969d527');
INSERT INTO food(id, name, price, visible, type) VALUES ('56d55c3a-9894-4c72-a30c-bba6e07c0c9e', 'Hot Dog', 6.00, true, '9dbd90e1-911a-48e1-a1bd-c9e8c969d527');
INSERT INTO food(id, name, price, visible, type) VALUES ('168df363-dc3f-44de-96ae-5dd8e39eaff1', 'Classic Burgher', 6.50, true, '9dbd90e1-911a-48e1-a1bd-c9e8c969d527');
INSERT INTO food(id, name, price, visible, type) VALUES ('ddc51200-4561-4acd-b7e0-2c6fe4e9652b', 'Sfizioso', 6.00, true, '9dbd90e1-911a-48e1-a1bd-c9e8c969d527');

INSERT INTO ingredient(id, name, price) VALUES ('29a51f2e-9033-4133-a977-b657abbb64a7', 'Impasto alle Olive', 1.00);
INSERT INTO ingredient(id, name, price) VALUES ('cbac1262-7742-491d-99c6-ec9f1b40b559', 'Aglio', 0.00);
INSERT INTO ingredient(id, name, price) VALUES ('bb9333b9-3864-4224-a9b8-41980422b094', 'Basilico', 0.00);
INSERT INTO ingredient(id, name, price) VALUES ('8190eba2-983e-49a8-ac7c-82cf2b44ec1e', 'Bresaola', 2.00);
INSERT INTO ingredient(id, name, price) VALUES ('79a9b4ee-83b4-4085-a7aa-23461e95e3e3', 'Cornicione Ripieno di Mozzarella', 1.00);
INSERT INTO ingredient(id, name, price) VALUES ('51ffbb45-87e4-4638-b387-d5085bb7c59f', 'Crema Tartufata', 2.00);
INSERT INTO ingredient(id, name, price) VALUES ('700b537e-eceb-4ec2-809f-66912fcce0f4', 'Crocchette di Patate', 2.00);
INSERT INTO ingredient(id, name, price) VALUES ('01c6ef89-d713-41ed-b8a9-e3b8c036864f', 'Curry', 0.00);
INSERT INTO ingredient(id, name, price) VALUES ('229d0d27-a5a1-4341-b09c-c9465e2d8d8a', 'Danese', 1.50);
INSERT INTO ingredient(id, name, price) VALUES ('60d75f5c-6e27-480a-a4b2-d1e522e30aef', 'Funghi Trifolati', 1.00);
INSERT INTO ingredient(id, name, price) VALUES ('1ab5c902-9293-4b4a-bf2e-c358ebf9609c', 'Gorgonzola Dolce', 1.50);
INSERT INTO ingredient(id, name, price) VALUES ('17e5b87d-c4d5-4a0c-9e16-223013f4a1a6', 'Grana a Scaglie', 1.00);
INSERT INTO ingredient(id, name, price) VALUES ('ad4e7246-5867-46a5-93d2-148c3be6b256', 'Latteria', 1.50);
INSERT INTO ingredient(id, name, price) VALUES ('9a7c4a5d-87ab-4a0a-8082-45493c13daf3', 'Melanzane al Funghetto', 1.50);
INSERT INTO ingredient(id, name, price) VALUES ('f2267dba-997c-41c0-bf17-abcc507d9a3d', 'Melanzane Fritte', 1.00);
INSERT INTO ingredient(id, name, price) VALUES ('4d40d311-a645-47b8-9c66-8c9e81c546f7', 'Olio', 0.00);
INSERT INTO ingredient(id, name, price) VALUES ('56fed3b7-2a35-439f-8f68-29f7885d66c1', 'Olio Extravergine di Oliva', 0.00);
INSERT INTO ingredient(id, name, price) VALUES ('bc7f2ab8-30d9-4cff-9463-5fd21123f9a9', 'Origano', 0.00);
INSERT INTO ingredient(id, name, price) VALUES ('f3fc185d-fb2f-48a5-965a-d202e7a56f0c', 'Pancetta', 2.00);
INSERT INTO ingredient(id, name, price) VALUES ('221da9e2-53dc-4dd1-9744-5b9bf56a79ca', 'Pancetta Arrosta', null);
INSERT INTO ingredient(id, name, price) VALUES ('90595901-8368-47da-82dc-1e82eb97efe9', 'Pancetta Stufata', 2.00);
INSERT INTO ingredient(id, name, price) VALUES ('9fd886c2-987a-4a80-9ba4-861f5e51c65e', 'Pepe', 0.00);
INSERT INTO ingredient(id, name, price) VALUES ('37198635-864b-4426-a2c1-123077f90efd', 'Peperoni alla Piastra', 1.50);
INSERT INTO ingredient(id, name, price) VALUES ('6fd80d4e-febc-4d82-81a6-e29df1c36539', 'Prosciutto Cotto', 1.00);
INSERT INTO ingredient(id, name, price) VALUES ('ec632503-78bc-43a6-a24b-91c5316103de', 'Prosciutto Crudo', 2.00);
INSERT INTO ingredient(id, name, price) VALUES ('a6792883-3935-4acc-89a0-b28455324726', 'Rosmarino', 0.00);
INSERT INTO ingredient(id, name, price) VALUES ('fca74e17-6789-47f0-9112-4231e2bf2f25', 'Salame Friulano', 2.00);
INSERT INTO ingredient(id, name, price) VALUES ('c53fe432-5535-4a93-af50-1d480d07143a', 'Salame Ungherese', 2.00);
INSERT INTO ingredient(id, name, price) VALUES ('ef30da21-e19f-45af-9090-428a54841c72', 'Salsiccia', 2.00);
INSERT INTO ingredient(id, name, price) VALUES ('6432033a-aafa-412b-9cc7-bb6b4c36247d', 'Sesamo', 0.00);
INSERT INTO ingredient(id, name, price) VALUES ('deee8985-0c9f-46c7-8af2-0197c92ca58f', 'Speck', 2.00);
INSERT INTO ingredient(id, name, price) VALUES ('4ea2cd76-3138-495b-aefc-8b9fa57d2306', 'Stracchino', 1.50);
INSERT INTO ingredient(id, name, price) VALUES ('96826a8e-7fbb-467c-8092-b53e18615e83', 'Uovo Sodo', 1.50);
INSERT INTO ingredient(id, name, price) VALUES ('8ebf0cdd-80d2-43dc-a99f-6467bd42c7ba', 'Verdure Miste', 2.50);
INSERT INTO ingredient(id, name, price) VALUES ('0970834d-1453-4757-a591-c0b04ddd454b', 'Patate al Forno', 2.00);
INSERT INTO ingredient(id, name, price) VALUES ('1186f35e-2f60-45d3-9024-a7d4248140b5', 'Acciughe', 1.50);
INSERT INTO ingredient(id, name, price) VALUES ('a8d33875-e346-4e68-9925-ea51c24946d7', 'Hamburgher', 2.50);
INSERT INTO ingredient(id, name, price) VALUES ('228a782b-3113-4d6b-869d-eb8ef8cf229d', 'Formaggio', 1.50);
INSERT INTO ingredient(id, name, price) VALUES ('e9ee5db9-673c-424d-bc07-f4d8963a5277', 'Mascarpone', 1.50);
INSERT INTO ingredient(id, name, price) VALUES ('379b0754-14fb-442a-9da9-36056c937792', 'Mozzarella', 1.00);
INSERT INTO ingredient(id, name, price) VALUES ('6252db2d-5aa7-4e97-aec2-95bfb7d64309', 'Mozzarella Bufala', 2.00);
INSERT INTO ingredient(id, name, price) VALUES ('0d78c552-4251-4c3d-8fc2-bb959c42c7c2', 'Olive', 1.00);
INSERT INTO ingredient(id, name, price) VALUES ('14f47957-5d01-4552-8d1e-9eccc35a8771', 'Ketchup', 0.50);
INSERT INTO ingredient(id, name, price) VALUES ('c364879a-5b30-4ca7-a6d0-dd25949d92b7', 'Salsa Rosa', 0.50);
INSERT INTO ingredient(id, name, price) VALUES ('cfcee7e7-38d0-4789-a3a9-95405cbc7c57', 'Maionese', 0.50);
INSERT INTO ingredient(id, name, price) VALUES ('229c27c7-0e8b-4245-9f79-3c94b4b64890', 'Insalata', 0.50);
INSERT INTO ingredient(id, name, price) VALUES ('595befca-213c-45ca-be2e-e318ea87eee6', 'Asparagi', 1.50);
INSERT INTO ingredient(id, name, price) VALUES ('61b616c9-47ab-41a8-a04b-a6799cc8d441', 'Bocconcini di mozzarella', 1.50);
INSERT INTO ingredient(id, name, price) VALUES ('3f3145e5-9093-4c6c-9cdc-4c981853bae5', 'Brie', 2.00);
INSERT INTO ingredient(id, name, price) VALUES ('33abebac-d700-4eb7-bf77-a24a26c4f244', 'Capperi ', 1.50);
INSERT INTO ingredient(id, name, price) VALUES ('cff6df3d-fd4b-4ac4-a25a-8f53067017e4', 'Carciofi', 1.50);
INSERT INTO ingredient(id, name, price) VALUES ('e7cb3d1f-989b-4238-9a31-82888e444a6c', 'Cipolla', 1.50);
INSERT INTO ingredient(id, name, price) VALUES ('767c39eb-f609-44f0-8b4e-f591c3b1c0ea', 'Friarielli', 2.00);
INSERT INTO ingredient(id, name, price) VALUES ('50fe3843-3948-4143-9c85-904df4b96ac3', 'Funghi', 1.00);
INSERT INTO ingredient(id, name, price) VALUES ('09d1daf4-e2b7-4247-9d03-d64e17a032a3', 'Funghi Chiodini', 2.00);
INSERT INTO ingredient(id, name, price) VALUES ('390bf482-d2c6-4906-9c8a-a28332fd49eb', 'Funghi Freschi', 1.50);
INSERT INTO ingredient(id, name, price) VALUES ('a034ae50-5ccb-4a0c-a6eb-e00ca12b0b77', 'Funghi Porcini', 2.00);
INSERT INTO ingredient(id, name, price) VALUES ('e8c4d104-5a4e-4a96-8b64-db7f2db49a7d', 'Gamberetti', 2.50);
INSERT INTO ingredient(id, name, price) VALUES ('108fc03e-dc99-4adb-8208-ea9511c9f922', 'Gorgonzola', 1.50);
INSERT INTO ingredient(id, name, price) VALUES ('971220ca-ec8d-4859-b554-c45e0a47029f', 'Grana', 1.00);
INSERT INTO ingredient(id, name, price) VALUES ('67ab131b-588d-4ffe-8133-8fd0907f8955', 'Panna', 1.00);
INSERT INTO ingredient(id, name, price) VALUES ('330b396b-a754-401e-8358-e9e005a35f4c', 'Patatine Fritte', 2.00);
INSERT INTO ingredient(id, name, price) VALUES ('2176c869-8f77-45e8-941e-205ce7d579fb', 'Pecorino a Scaglie', 1.50);
INSERT INTO ingredient(id, name, price) VALUES ('e070deb8-d767-45db-a6ea-b2fe37f64059', 'Peperoni', 1.50);
INSERT INTO ingredient(id, name, price) VALUES ('9e016508-1094-455b-95ae-6a145017818f', 'Pomodoro', 1.00);
INSERT INTO ingredient(id, name, price) VALUES ('f4c976dd-6bf6-4ac3-b9c0-8fec9007fa9c', 'Pomodoro Fresco', 1.50);
INSERT INTO ingredient(id, name, price) VALUES ('142a432c-beb4-411b-bbed-6df287756579', 'Provola Affumicata', 2.00);
INSERT INTO ingredient(id, name, price) VALUES ('a1363c94-c270-4ede-8b3e-2643fa77bc6b', 'Radicchio di Treviso', 1.50);
INSERT INTO ingredient(id, name, price) VALUES ('ad59b3e9-9039-416f-9524-4e9b0e274afa', 'Ricotta', 1.00);
INSERT INTO ingredient(id, name, price) VALUES ('9603d483-16f3-4a17-bbd2-e3da9585537b', 'Ricotta Affumicata a Acaglie', 1.50);
INSERT INTO ingredient(id, name, price) VALUES ('17ead909-5ec6-4700-a21b-26d899902f5e', 'Rucola', 1.50);
INSERT INTO ingredient(id, name, price) VALUES ('e92fe7cb-27bf-4b11-bacc-f42220bdcf8f', 'Salamino Piccante', 1.50);
INSERT INTO ingredient(id, name, price) VALUES ('ccbcfd87-6618-4464-a307-4453c8470aaa', 'Salmone Affumicato', 2.50);
INSERT INTO ingredient(id, name, price) VALUES ('4a327995-b551-43f4-a449-b070fdca521d', 'Salsiccia Fresca', 2.00);
INSERT INTO ingredient(id, name, price) VALUES ('49566142-260f-4552-af58-a21bf177dac1', 'Tonno', 2.00);
INSERT INTO ingredient(id, name, price) VALUES ('8c5cc87a-2348-44ac-8003-420f1eb9c880', 'Uovo', 1.50);
INSERT INTO ingredient(id, name, price) VALUES ('2c40a5d5-266d-45ee-8259-99d969919ef5', 'Wurstel', 1.50);
INSERT INTO ingredient(id, name, price) VALUES ('9c516959-826e-40d1-8a66-399bc46b9c11', 'Porchetta', 2.00);
INSERT INTO ingredient(id, name, price) VALUES ('a8664b22-9fa5-44be-b6b7-88b91a175d4d', 'Olive Verdi', 1.50);

INSERT INTO food_ingredient(food, ingredient) VALUES ('296ad6be-e3ac-4b0c-9a28-ad0eaef68ae5', '33abebac-d700-4eb7-bf77-a24a26c4f244');
INSERT INTO food_ingredient(food, ingredient) VALUES ('67b9783c-c681-4306-b9a9-06e1171996ee', '90595901-8368-47da-82dc-1e82eb97efe9');
INSERT INTO food_ingredient(food, ingredient) VALUES ('e3b86059-ba40-45a1-a5c7-0a5719bc639a', '108fc03e-dc99-4adb-8208-ea9511c9f922');
INSERT INTO food_ingredient(food, ingredient) VALUES ('100726fc-52c4-45e6-ac2f-73d6073a24d8', '9603d483-16f3-4a17-bbd2-e3da9585537b');
INSERT INTO food_ingredient(food, ingredient) VALUES ('5e601b60-db92-4ee2-ae89-da375c475ee7', '6fd80d4e-febc-4d82-81a6-e29df1c36539');
INSERT INTO food_ingredient(food, ingredient) VALUES ('e2321785-f2d5-4fd2-917a-27f1618ded33', 'ec632503-78bc-43a6-a24b-91c5316103de');
INSERT INTO food_ingredient(food, ingredient) VALUES ('e7d1e54d-43dc-4d04-afab-657cd768e8a1', '50fe3843-3948-4143-9c85-904df4b96ac3');
INSERT INTO food_ingredient(food, ingredient) VALUES ('69417870-624c-425b-872a-685672738543', '1ab5c902-9293-4b4a-bf2e-c358ebf9609c');
INSERT INTO food_ingredient(food, ingredient) VALUES ('0ae8fe8e-7754-488b-9fab-10e52c953dc6', '67ab131b-588d-4ffe-8133-8fd0907f8955');
INSERT INTO food_ingredient(food, ingredient) VALUES ('bbc9bc12-3335-45cf-b649-9b3d801de50d', '8190eba2-983e-49a8-ac7c-82cf2b44ec1e');
INSERT INTO food_ingredient(food, ingredient) VALUES ('21ac53d2-62b2-46cb-b893-0f1288646511', '9c516959-826e-40d1-8a66-399bc46b9c11');
INSERT INTO food_ingredient(food, ingredient) VALUES ('afa4e84c-c1b4-47eb-be28-979e67679ab1', '330b396b-a754-401e-8358-e9e005a35f4c');
INSERT INTO food_ingredient(food, ingredient) VALUES ('40b045de-22c4-4d41-8d35-9a2c654c99c8', 'ec632503-78bc-43a6-a24b-91c5316103de');
INSERT INTO food_ingredient(food, ingredient) VALUES ('4d87fbed-8af7-42eb-8f6b-b029741ba09e', '142a432c-beb4-411b-bbed-6df287756579');
INSERT INTO food_ingredient(food, ingredient) VALUES ('cb23c48a-8d89-46c0-aa97-4c55be55ae4f', '2176c869-8f77-45e8-941e-205ce7d579fb');
INSERT INTO food_ingredient(food, ingredient) VALUES ('a39ec361-1af8-4a5f-86bf-f5530ccb7b47', '17ead909-5ec6-4700-a21b-26d899902f5e');
INSERT INTO food_ingredient(food, ingredient) VALUES ('a0491f07-cd81-4f56-80c8-e19d5421ee86', 'ef30da21-e19f-45af-9090-428a54841c72');
INSERT INTO food_ingredient(food, ingredient) VALUES ('44ee9841-4bf5-45f9-9ff0-6a16b3f4fe5e', '6252db2d-5aa7-4e97-aec2-95bfb7d64309');
INSERT INTO food_ingredient(food, ingredient) VALUES ('a5c59c23-214d-4373-9c02-d0dc8c5bb420', '2c40a5d5-266d-45ee-8259-99d969919ef5');
INSERT INTO food_ingredient(food, ingredient) VALUES ('bd45d80f-1810-4be5-9d0b-36bd66644297', '0d78c552-4251-4c3d-8fc2-bb959c42c7c2');
INSERT INTO food_ingredient(food, ingredient) VALUES ('80101dbf-5d30-419f-8e17-de561304a596', '0d78c552-4251-4c3d-8fc2-bb959c42c7c2');
INSERT INTO food_ingredient(food, ingredient) VALUES ('68717b26-963e-46e6-9bc4-01a2021ae237', '0d78c552-4251-4c3d-8fc2-bb959c42c7c2');
INSERT INTO food_ingredient(food, ingredient) VALUES ('c8902369-58ff-415d-84ac-afc14bc87419', 'bc7f2ab8-30d9-4cff-9463-5fd21123f9a9');
INSERT INTO food_ingredient(food, ingredient) VALUES ('496d5484-c7e5-4bd8-81b0-5c02980481fa', 'ec632503-78bc-43a6-a24b-91c5316103de');
INSERT INTO food_ingredient(food, ingredient) VALUES ('d2925871-9c1a-4365-9b03-a9b892636ff8', '971220ca-ec8d-4859-b554-c45e0a47029f');
INSERT INTO food_ingredient(food, ingredient) VALUES ('85a18247-66d3-485a-830f-0e9caef0a275', '17e5b87d-c4d5-4a0c-9e16-223013f4a1a6');
INSERT INTO food_ingredient(food, ingredient) VALUES ('060734d3-b14d-428d-96f9-b054c4c91bdb', '17e5b87d-c4d5-4a0c-9e16-223013f4a1a6');
INSERT INTO food_ingredient(food, ingredient) VALUES ('a1fe6102-6c00-49a3-ba71-8ceb1e260547', '17e5b87d-c4d5-4a0c-9e16-223013f4a1a6');
INSERT INTO food_ingredient(food, ingredient) VALUES ('8f49ec60-93d8-41fa-b3b0-f6d24eca7c2c', '971220ca-ec8d-4859-b554-c45e0a47029f');
INSERT INTO food_ingredient(food, ingredient) VALUES ('b89c9783-0867-4ff8-a2c5-d4de92f765d7', 'e92fe7cb-27bf-4b11-bacc-f42220bdcf8f');
INSERT INTO food_ingredient(food, ingredient) VALUES ('810af07a-fb2e-4a8c-a635-636c2619712f', 'deee8985-0c9f-46c7-8af2-0197c92ca58f');
INSERT INTO food_ingredient(food, ingredient) VALUES ('296ad6be-e3ac-4b0c-9a28-ad0eaef68ae5', 'a8664b22-9fa5-44be-b6b7-88b91a175d4d');
INSERT INTO food_ingredient(food, ingredient) VALUES ('e3b86059-ba40-45a1-a5c7-0a5719bc639a', 'e92fe7cb-27bf-4b11-bacc-f42220bdcf8f');
INSERT INTO food_ingredient(food, ingredient) VALUES ('5e601b60-db92-4ee2-ae89-da375c475ee7', '595befca-213c-45ca-be2e-e318ea87eee6');
INSERT INTO food_ingredient(food, ingredient) VALUES ('e7d1e54d-43dc-4d04-afab-657cd768e8a1', '2c40a5d5-266d-45ee-8259-99d969919ef5');
INSERT INTO food_ingredient(food, ingredient) VALUES ('0ae8fe8e-7754-488b-9fab-10e52c953dc6', '01c6ef89-d713-41ed-b8a9-e3b8c036864f');
INSERT INTO food_ingredient(food, ingredient) VALUES ('bbc9bc12-3335-45cf-b649-9b3d801de50d', '17e5b87d-c4d5-4a0c-9e16-223013f4a1a6');
INSERT INTO food_ingredient(food, ingredient) VALUES ('a39ec361-1af8-4a5f-86bf-f5530ccb7b47', '9603d483-16f3-4a17-bbd2-e3da9585537b');
INSERT INTO food_ingredient(food, ingredient) VALUES ('a0491f07-cd81-4f56-80c8-e19d5421ee86', 'e92fe7cb-27bf-4b11-bacc-f42220bdcf8f');
INSERT INTO food_ingredient(food, ingredient) VALUES ('44ee9841-4bf5-45f9-9ff0-6a16b3f4fe5e', 'ec632503-78bc-43a6-a24b-91c5316103de');
INSERT INTO food_ingredient(food, ingredient) VALUES ('a5c59c23-214d-4373-9c02-d0dc8c5bb420', 'ec632503-78bc-43a6-a24b-91c5316103de');
INSERT INTO food_ingredient(food, ingredient) VALUES ('bd45d80f-1810-4be5-9d0b-36bd66644297', '1186f35e-2f60-45d3-9024-a7d4248140b5');
INSERT INTO food_ingredient(food, ingredient) VALUES ('68717b26-963e-46e6-9bc4-01a2021ae237', '971220ca-ec8d-4859-b554-c45e0a47029f');
INSERT INTO food_ingredient(food, ingredient) VALUES ('b89c9783-0867-4ff8-a2c5-d4de92f765d7', '96826a8e-7fbb-467c-8092-b53e18615e83');
INSERT INTO food_ingredient(food, ingredient) VALUES ('0ae8fe8e-7754-488b-9fab-10e52c953dc6', '221da9e2-53dc-4dd1-9744-5b9bf56a79ca');
INSERT INTO food_ingredient(food, ingredient) VALUES ('bd45d80f-1810-4be5-9d0b-36bd66644297', 'bc7f2ab8-30d9-4cff-9463-5fd21123f9a9');
INSERT INTO food_ingredient(food, ingredient) VALUES ('a0491f07-cd81-4f56-80c8-e19d5421ee86', '61b616c9-47ab-41a8-a04b-a6799cc8d441');
INSERT INTO food_ingredient(food, ingredient) VALUES ('44ee9841-4bf5-45f9-9ff0-6a16b3f4fe5e', '17e5b87d-c4d5-4a0c-9e16-223013f4a1a6');
INSERT INTO food_ingredient(food, ingredient) VALUES ('a5c59c23-214d-4373-9c02-d0dc8c5bb420', 'c53fe432-5535-4a93-af50-1d480d07143a');
INSERT INTO food_ingredient(food, ingredient) VALUES ('a5c59c23-214d-4373-9c02-d0dc8c5bb420', 'fca74e17-6789-47f0-9112-4231e2bf2f25');
INSERT INTO food_ingredient(food, ingredient) VALUES ('4b5bca13-f824-45ac-9754-7feeed42d183', '9e016508-1094-455b-95ae-6a145017818f');
INSERT INTO food_ingredient(food, ingredient) VALUES ('bd47989a-41e8-4410-a5b1-50c04d5afb09', '9e016508-1094-455b-95ae-6a145017818f');
INSERT INTO food_ingredient(food, ingredient) VALUES ('8b1b003e-bfc2-4eff-9236-f34294d62417', '9e016508-1094-455b-95ae-6a145017818f');
INSERT INTO food_ingredient(food, ingredient) VALUES ('f04ed8b4-dee7-48c1-940f-176509a7cad9', '9e016508-1094-455b-95ae-6a145017818f');
INSERT INTO food_ingredient(food, ingredient) VALUES ('b7c56e3b-ac97-42ea-8a7c-55a84a7af650', '9e016508-1094-455b-95ae-6a145017818f');
INSERT INTO food_ingredient(food, ingredient) VALUES ('2154d8e0-5de5-46d4-b29d-b0a5248f5c01', '9e016508-1094-455b-95ae-6a145017818f');
INSERT INTO food_ingredient(food, ingredient) VALUES ('4189c66f-2ede-4af9-b77b-3821ce67627b', '9e016508-1094-455b-95ae-6a145017818f');
INSERT INTO food_ingredient(food, ingredient) VALUES ('e0f42c8f-7679-462a-bb0e-5fc85f775963', '9e016508-1094-455b-95ae-6a145017818f');
INSERT INTO food_ingredient(food, ingredient) VALUES ('a59055a5-60d0-426e-a52f-b570c69bd0e9', '9e016508-1094-455b-95ae-6a145017818f');
INSERT INTO food_ingredient(food, ingredient) VALUES ('c7c1b757-97c8-443e-af19-1c239589e964', '9e016508-1094-455b-95ae-6a145017818f');
INSERT INTO food_ingredient(food, ingredient) VALUES ('bd45d80f-1810-4be5-9d0b-36bd66644297', '9e016508-1094-455b-95ae-6a145017818f');
INSERT INTO food_ingredient(food, ingredient) VALUES ('80101dbf-5d30-419f-8e17-de561304a596', '9e016508-1094-455b-95ae-6a145017818f');
INSERT INTO food_ingredient(food, ingredient) VALUES ('9ee1f6ed-1510-45c9-873c-9e8c9e895192', '9e016508-1094-455b-95ae-6a145017818f');
INSERT INTO food_ingredient(food, ingredient) VALUES ('6298509f-7252-4f11-a69b-449f8d0b87bc', '9e016508-1094-455b-95ae-6a145017818f');
INSERT INTO food_ingredient(food, ingredient) VALUES ('68717b26-963e-46e6-9bc4-01a2021ae237', '9e016508-1094-455b-95ae-6a145017818f');
INSERT INTO food_ingredient(food, ingredient) VALUES ('3ce60bda-7dd1-417e-88fc-37df67add31b', '9e016508-1094-455b-95ae-6a145017818f');
INSERT INTO food_ingredient(food, ingredient) VALUES ('c8902369-58ff-415d-84ac-afc14bc87419', '9e016508-1094-455b-95ae-6a145017818f');
INSERT INTO food_ingredient(food, ingredient) VALUES ('58b19a23-f741-4ae4-b85b-2d59eb4d868b', '9e016508-1094-455b-95ae-6a145017818f');
INSERT INTO food_ingredient(food, ingredient) VALUES ('9e35a1cf-3839-4f85-b7a9-d996850e6709', '9e016508-1094-455b-95ae-6a145017818f');
INSERT INTO food_ingredient(food, ingredient) VALUES ('f43f766d-f12a-473d-93b8-4870ee12f270', '9e016508-1094-455b-95ae-6a145017818f');
INSERT INTO food_ingredient(food, ingredient) VALUES ('496d5484-c7e5-4bd8-81b0-5c02980481fa', '56fed3b7-2a35-439f-8f68-29f7885d66c1');
INSERT INTO food_ingredient(food, ingredient) VALUES ('e8e9e1c5-fa6d-45e7-9a90-81d6bbc3451c', '379b0754-14fb-442a-9da9-36056c937792');
INSERT INTO food_ingredient(food, ingredient) VALUES ('5069800c-88b9-4126-87e8-ce956acec544', '379b0754-14fb-442a-9da9-36056c937792');
INSERT INTO food_ingredient(food, ingredient) VALUES ('d2925871-9c1a-4365-9b03-a9b892636ff8', '379b0754-14fb-442a-9da9-36056c937792');
INSERT INTO food_ingredient(food, ingredient) VALUES ('48bd9b7c-b426-4d83-ad13-aeb769e17fce', '379b0754-14fb-442a-9da9-36056c937792');
INSERT INTO food_ingredient(food, ingredient) VALUES ('d54bb96e-383c-46ee-a1d5-c46398f3f76c', '379b0754-14fb-442a-9da9-36056c937792');
INSERT INTO food_ingredient(food, ingredient) VALUES ('b1bb410a-e2c6-4dff-852f-df5aaa1e079d', '379b0754-14fb-442a-9da9-36056c937792');
INSERT INTO food_ingredient(food, ingredient) VALUES ('bdb4862d-a817-4924-a492-60a80e836f8f', '379b0754-14fb-442a-9da9-36056c937792');
INSERT INTO food_ingredient(food, ingredient) VALUES ('1c820ca5-ef58-448f-a4da-732efa036865', '379b0754-14fb-442a-9da9-36056c937792');
INSERT INTO food_ingredient(food, ingredient) VALUES ('27e9ac21-3d77-4042-8a36-bb9d742d59f9', '379b0754-14fb-442a-9da9-36056c937792');
INSERT INTO food_ingredient(food, ingredient) VALUES ('f5ff6658-2209-48e6-887a-8841cf741aa1', '379b0754-14fb-442a-9da9-36056c937792');
INSERT INTO food_ingredient(food, ingredient) VALUES ('85a18247-66d3-485a-830f-0e9caef0a275', '67ab131b-588d-4ffe-8133-8fd0907f8955');
INSERT INTO food_ingredient(food, ingredient) VALUES ('82322b89-f2bf-44fc-bf9b-0f705ba6383a', '67ab131b-588d-4ffe-8133-8fd0907f8955');
INSERT INTO food_ingredient(food, ingredient) VALUES ('022c4afb-29ea-455f-b17b-3b39dd611672', '51ffbb45-87e4-4638-b387-d5085bb7c59f');
INSERT INTO food_ingredient(food, ingredient) VALUES ('060734d3-b14d-428d-96f9-b054c4c91bdb', '379b0754-14fb-442a-9da9-36056c937792');
INSERT INTO food_ingredient(food, ingredient) VALUES ('a1fe6102-6c00-49a3-ba71-8ceb1e260547', '67ab131b-588d-4ffe-8133-8fd0907f8955');
INSERT INTO food_ingredient(food, ingredient) VALUES ('8f49ec60-93d8-41fa-b3b0-f6d24eca7c2c', '51ffbb45-87e4-4638-b387-d5085bb7c59f');
INSERT INTO food_ingredient(food, ingredient) VALUES ('6b18834e-f6c4-4896-b74a-a09ab8bc247a', '379b0754-14fb-442a-9da9-36056c937792');
INSERT INTO food_ingredient(food, ingredient) VALUES ('1278f0e3-e6ac-454d-a627-4f5507a87846', '9e016508-1094-455b-95ae-6a145017818f');
INSERT INTO food_ingredient(food, ingredient) VALUES ('109bd4e2-daa1-4e67-9abc-4fe835aaef4c', '9e016508-1094-455b-95ae-6a145017818f');
INSERT INTO food_ingredient(food, ingredient) VALUES ('b89c9783-0867-4ff8-a2c5-d4de92f765d7', '9e016508-1094-455b-95ae-6a145017818f');
INSERT INTO food_ingredient(food, ingredient) VALUES ('8e593899-683c-4edb-bbba-001cc62a55e8', '9e016508-1094-455b-95ae-6a145017818f');
INSERT INTO food_ingredient(food, ingredient) VALUES ('810af07a-fb2e-4a8c-a635-636c2619712f', '9e016508-1094-455b-95ae-6a145017818f');
INSERT INTO food_ingredient(food, ingredient) VALUES ('ae5f322c-f9bb-492b-bde5-44d887bed2f1', '9e016508-1094-455b-95ae-6a145017818f');
INSERT INTO food_ingredient(food, ingredient) VALUES ('296ad6be-e3ac-4b0c-9a28-ad0eaef68ae5', '9e016508-1094-455b-95ae-6a145017818f');
INSERT INTO food_ingredient(food, ingredient) VALUES ('67b9783c-c681-4306-b9a9-06e1171996ee', '9e016508-1094-455b-95ae-6a145017818f');
INSERT INTO food_ingredient(food, ingredient) VALUES ('e3b86059-ba40-45a1-a5c7-0a5719bc639a', '9e016508-1094-455b-95ae-6a145017818f');
INSERT INTO food_ingredient(food, ingredient) VALUES ('100726fc-52c4-45e6-ac2f-73d6073a24d8', '9e016508-1094-455b-95ae-6a145017818f');
INSERT INTO food_ingredient(food, ingredient) VALUES ('5e601b60-db92-4ee2-ae89-da375c475ee7', '9e016508-1094-455b-95ae-6a145017818f');
INSERT INTO food_ingredient(food, ingredient) VALUES ('e2321785-f2d5-4fd2-917a-27f1618ded33', '9e016508-1094-455b-95ae-6a145017818f');
INSERT INTO food_ingredient(food, ingredient) VALUES ('e7d1e54d-43dc-4d04-afab-657cd768e8a1', '9e016508-1094-455b-95ae-6a145017818f');
INSERT INTO food_ingredient(food, ingredient) VALUES ('69417870-624c-425b-872a-685672738543', '9e016508-1094-455b-95ae-6a145017818f');
INSERT INTO food_ingredient(food, ingredient) VALUES ('0ae8fe8e-7754-488b-9fab-10e52c953dc6', '9e016508-1094-455b-95ae-6a145017818f');
INSERT INTO food_ingredient(food, ingredient) VALUES ('bbc9bc12-3335-45cf-b649-9b3d801de50d', '9e016508-1094-455b-95ae-6a145017818f');
INSERT INTO food_ingredient(food, ingredient) VALUES ('21ac53d2-62b2-46cb-b893-0f1288646511', '9e016508-1094-455b-95ae-6a145017818f');
INSERT INTO food_ingredient(food, ingredient) VALUES ('afa4e84c-c1b4-47eb-be28-979e67679ab1', '9e016508-1094-455b-95ae-6a145017818f');
INSERT INTO food_ingredient(food, ingredient) VALUES ('40b045de-22c4-4d41-8d35-9a2c654c99c8', '9e016508-1094-455b-95ae-6a145017818f');
INSERT INTO food_ingredient(food, ingredient) VALUES ('4d87fbed-8af7-42eb-8f6b-b029741ba09e', '9e016508-1094-455b-95ae-6a145017818f');
INSERT INTO food_ingredient(food, ingredient) VALUES ('cb23c48a-8d89-46c0-aa97-4c55be55ae4f', '9e016508-1094-455b-95ae-6a145017818f');
INSERT INTO food_ingredient(food, ingredient) VALUES ('a39ec361-1af8-4a5f-86bf-f5530ccb7b47', '9e016508-1094-455b-95ae-6a145017818f');
INSERT INTO food_ingredient(food, ingredient) VALUES ('8f91b959-3e08-4105-ba66-50ac08be42e0', '9e016508-1094-455b-95ae-6a145017818f');
INSERT INTO food_ingredient(food, ingredient) VALUES ('a0491f07-cd81-4f56-80c8-e19d5421ee86', '9e016508-1094-455b-95ae-6a145017818f');
INSERT INTO food_ingredient(food, ingredient) VALUES ('44ee9841-4bf5-45f9-9ff0-6a16b3f4fe5e', '9e016508-1094-455b-95ae-6a145017818f');
INSERT INTO food_ingredient(food, ingredient) VALUES ('a5c59c23-214d-4373-9c02-d0dc8c5bb420', '9e016508-1094-455b-95ae-6a145017818f');
INSERT INTO food_ingredient(food, ingredient) VALUES ('cb23c48a-8d89-46c0-aa97-4c55be55ae4f', '4a327995-b551-43f4-a449-b070fdca521d');
INSERT INTO food_ingredient(food, ingredient) VALUES ('e8e9e1c5-fa6d-45e7-9a90-81d6bbc3451c', 'ad59b3e9-9039-416f-9524-4e9b0e274afa');
INSERT INTO food_ingredient(food, ingredient) VALUES ('4b5bca13-f824-45ac-9754-7feeed42d183', 'cbac1262-7742-491d-99c6-ec9f1b40b559');
INSERT INTO food_ingredient(food, ingredient) VALUES ('e7d1e54d-43dc-4d04-afab-657cd768e8a1', '379b0754-14fb-442a-9da9-36056c937792');
INSERT INTO food_ingredient(food, ingredient) VALUES ('6b18834e-f6c4-4896-b74a-a09ab8bc247a', '390bf482-d2c6-4906-9c8a-a28332fd49eb');
INSERT INTO food_ingredient(food, ingredient) VALUES ('bd45d80f-1810-4be5-9d0b-36bd66644297', '379b0754-14fb-442a-9da9-36056c937792');
INSERT INTO food_ingredient(food, ingredient) VALUES ('bbc9bc12-3335-45cf-b649-9b3d801de50d', '379b0754-14fb-442a-9da9-36056c937792');
INSERT INTO food_ingredient(food, ingredient) VALUES ('8e593899-683c-4edb-bbba-001cc62a55e8', '390bf482-d2c6-4906-9c8a-a28332fd49eb');
INSERT INTO food_ingredient(food, ingredient) VALUES ('e3b86059-ba40-45a1-a5c7-0a5719bc639a', 'e7cb3d1f-989b-4238-9a31-82888e444a6c');
INSERT INTO food_ingredient(food, ingredient) VALUES ('ae5f322c-f9bb-492b-bde5-44d887bed2f1', 'a1363c94-c270-4ede-8b3e-2643fa77bc6b');
INSERT INTO food_ingredient(food, ingredient) VALUES ('21ac53d2-62b2-46cb-b893-0f1288646511', '379b0754-14fb-442a-9da9-36056c937792');
INSERT INTO food_ingredient(food, ingredient) VALUES ('f04ed8b4-dee7-48c1-940f-176509a7cad9', '50fe3843-3948-4143-9c85-904df4b96ac3');
INSERT INTO food_ingredient(food, ingredient) VALUES ('bd45d80f-1810-4be5-9d0b-36bd66644297', '6fd80d4e-febc-4d82-81a6-e29df1c36539');
INSERT INTO food_ingredient(food, ingredient) VALUES ('109bd4e2-daa1-4e67-9abc-4fe835aaef4c', '142a432c-beb4-411b-bbed-6df287756579');
INSERT INTO food_ingredient(food, ingredient) VALUES ('21ac53d2-62b2-46cb-b893-0f1288646511', '3f3145e5-9093-4c6c-9cdc-4c981853bae5');
INSERT INTO food_ingredient(food, ingredient) VALUES ('f43f766d-f12a-473d-93b8-4870ee12f270', 'f4c976dd-6bf6-4ac3-b9c0-8fec9007fa9c');
INSERT INTO food_ingredient(food, ingredient) VALUES ('296ad6be-e3ac-4b0c-9a28-ad0eaef68ae5', '379b0754-14fb-442a-9da9-36056c937792');
INSERT INTO food_ingredient(food, ingredient) VALUES ('2154d8e0-5de5-46d4-b29d-b0a5248f5c01', '379b0754-14fb-442a-9da9-36056c937792');
INSERT INTO food_ingredient(food, ingredient) VALUES ('8b1b003e-bfc2-4eff-9236-f34294d62417', '6fd80d4e-febc-4d82-81a6-e29df1c36539');
INSERT INTO food_ingredient(food, ingredient) VALUES ('afa4e84c-c1b4-47eb-be28-979e67679ab1', '6fd80d4e-febc-4d82-81a6-e29df1c36539');
INSERT INTO food_ingredient(food, ingredient) VALUES ('a1fe6102-6c00-49a3-ba71-8ceb1e260547', 'e8c4d104-5a4e-4a96-8b64-db7f2db49a7d');
INSERT INTO food_ingredient(food, ingredient) VALUES ('496d5484-c7e5-4bd8-81b0-5c02980481fa', '6432033a-aafa-412b-9cc7-bb6b4c36247d');
INSERT INTO food_ingredient(food, ingredient) VALUES ('85a18247-66d3-485a-830f-0e9caef0a275', '379b0754-14fb-442a-9da9-36056c937792');
INSERT INTO food_ingredient(food, ingredient) VALUES ('c8902369-58ff-415d-84ac-afc14bc87419', '379b0754-14fb-442a-9da9-36056c937792');
INSERT INTO food_ingredient(food, ingredient) VALUES ('4d87fbed-8af7-42eb-8f6b-b029741ba09e', '379b0754-14fb-442a-9da9-36056c937792');
INSERT INTO food_ingredient(food, ingredient) VALUES ('f5ff6658-2209-48e6-887a-8841cf741aa1', '767c39eb-f609-44f0-8b4e-f591c3b1c0ea');
INSERT INTO food_ingredient(food, ingredient) VALUES ('1278f0e3-e6ac-454d-a627-4f5507a87846', '330b396b-a754-401e-8358-e9e005a35f4c');
INSERT INTO food_ingredient(food, ingredient) VALUES ('8e593899-683c-4edb-bbba-001cc62a55e8', '379b0754-14fb-442a-9da9-36056c937792');
INSERT INTO food_ingredient(food, ingredient) VALUES ('b89c9783-0867-4ff8-a2c5-d4de92f765d7', '229d0d27-a5a1-4341-b09c-c9465e2d8d8a');
INSERT INTO food_ingredient(food, ingredient) VALUES ('f43f766d-f12a-473d-93b8-4870ee12f270', '379b0754-14fb-442a-9da9-36056c937792');
INSERT INTO food_ingredient(food, ingredient) VALUES ('3ce60bda-7dd1-417e-88fc-37df67add31b', '379b0754-14fb-442a-9da9-36056c937792');
INSERT INTO food_ingredient(food, ingredient) VALUES ('b1bb410a-e2c6-4dff-852f-df5aaa1e079d', '700b537e-eceb-4ec2-809f-66912fcce0f4');
INSERT INTO food_ingredient(food, ingredient) VALUES ('8f91b959-3e08-4105-ba66-50ac08be42e0', '8ebf0cdd-80d2-43dc-a99f-6467bd42c7ba');
INSERT INTO food_ingredient(food, ingredient) VALUES ('a5c59c23-214d-4373-9c02-d0dc8c5bb420', '6fd80d4e-febc-4d82-81a6-e29df1c36539');
INSERT INTO food_ingredient(food, ingredient) VALUES ('40b045de-22c4-4d41-8d35-9a2c654c99c8', '595befca-213c-45ca-be2e-e318ea87eee6');
INSERT INTO food_ingredient(food, ingredient) VALUES ('1c820ca5-ef58-448f-a4da-732efa036865', '17ead909-5ec6-4700-a21b-26d899902f5e');
INSERT INTO food_ingredient(food, ingredient) VALUES ('d2925871-9c1a-4365-9b03-a9b892636ff8', '8c5cc87a-2348-44ac-8003-420f1eb9c880');
INSERT INTO food_ingredient(food, ingredient) VALUES ('b7c56e3b-ac97-42ea-8a7c-55a84a7af650', '379b0754-14fb-442a-9da9-36056c937792');
INSERT INTO food_ingredient(food, ingredient) VALUES ('6298509f-7252-4f11-a69b-449f8d0b87bc', 'ad59b3e9-9039-416f-9524-4e9b0e274afa');
INSERT INTO food_ingredient(food, ingredient) VALUES ('d54bb96e-383c-46ee-a1d5-c46398f3f76c', '6fd80d4e-febc-4d82-81a6-e29df1c36539');
INSERT INTO food_ingredient(food, ingredient) VALUES ('a59055a5-60d0-426e-a52f-b570c69bd0e9', '2c40a5d5-266d-45ee-8259-99d969919ef5');
INSERT INTO food_ingredient(food, ingredient) VALUES ('cb23c48a-8d89-46c0-aa97-4c55be55ae4f', '379b0754-14fb-442a-9da9-36056c937792');
INSERT INTO food_ingredient(food, ingredient) VALUES ('1278f0e3-e6ac-454d-a627-4f5507a87846', '379b0754-14fb-442a-9da9-36056c937792');
INSERT INTO food_ingredient(food, ingredient) VALUES ('afa4e84c-c1b4-47eb-be28-979e67679ab1', '379b0754-14fb-442a-9da9-36056c937792');
INSERT INTO food_ingredient(food, ingredient) VALUES ('b89c9783-0867-4ff8-a2c5-d4de92f765d7', '379b0754-14fb-442a-9da9-36056c937792');
INSERT INTO food_ingredient(food, ingredient) VALUES ('4189c66f-2ede-4af9-b77b-3821ce67627b', '1186f35e-2f60-45d3-9024-a7d4248140b5');
INSERT INTO food_ingredient(food, ingredient) VALUES ('496d5484-c7e5-4bd8-81b0-5c02980481fa', '6fd80d4e-febc-4d82-81a6-e29df1c36539');
INSERT INTO food_ingredient(food, ingredient) VALUES ('0ae8fe8e-7754-488b-9fab-10e52c953dc6', '379b0754-14fb-442a-9da9-36056c937792');
INSERT INTO food_ingredient(food, ingredient) VALUES ('58b19a23-f741-4ae4-b85b-2d59eb4d868b', '379b0754-14fb-442a-9da9-36056c937792');
INSERT INTO food_ingredient(food, ingredient) VALUES ('85a18247-66d3-485a-830f-0e9caef0a275', '60d75f5c-6e27-480a-a4b2-d1e522e30aef');
INSERT INTO food_ingredient(food, ingredient) VALUES ('a5c59c23-214d-4373-9c02-d0dc8c5bb420', '379b0754-14fb-442a-9da9-36056c937792');
INSERT INTO food_ingredient(food, ingredient) VALUES ('44ee9841-4bf5-45f9-9ff0-6a16b3f4fe5e', '9a7c4a5d-87ab-4a0a-8082-45493c13daf3');
INSERT INTO food_ingredient(food, ingredient) VALUES ('8b1b003e-bfc2-4eff-9236-f34294d62417', '379b0754-14fb-442a-9da9-36056c937792');
INSERT INTO food_ingredient(food, ingredient) VALUES ('a39ec361-1af8-4a5f-86bf-f5530ccb7b47', '379b0754-14fb-442a-9da9-36056c937792');
INSERT INTO food_ingredient(food, ingredient) VALUES ('e2321785-f2d5-4fd2-917a-27f1618ded33', '379b0754-14fb-442a-9da9-36056c937792');
INSERT INTO food_ingredient(food, ingredient) VALUES ('68717b26-963e-46e6-9bc4-01a2021ae237', '379b0754-14fb-442a-9da9-36056c937792');
INSERT INTO food_ingredient(food, ingredient) VALUES ('1c820ca5-ef58-448f-a4da-732efa036865', '3f3145e5-9093-4c6c-9cdc-4c981853bae5');
INSERT INTO food_ingredient(food, ingredient) VALUES ('c7c1b757-97c8-443e-af19-1c239589e964', '17ead909-5ec6-4700-a21b-26d899902f5e');
INSERT INTO food_ingredient(food, ingredient) VALUES ('0ae8fe8e-7754-488b-9fab-10e52c953dc6', '4a327995-b551-43f4-a449-b070fdca521d');
INSERT INTO food_ingredient(food, ingredient) VALUES ('e2321785-f2d5-4fd2-917a-27f1618ded33', '4ea2cd76-3138-495b-aefc-8b9fa57d2306');
INSERT INTO food_ingredient(food, ingredient) VALUES ('82322b89-f2bf-44fc-bf9b-0f705ba6383a', 'ccbcfd87-6618-4464-a307-4453c8470aaa');
INSERT INTO food_ingredient(food, ingredient) VALUES ('bdb4862d-a817-4924-a492-60a80e836f8f', 'ef30da21-e19f-45af-9090-428a54841c72');
INSERT INTO food_ingredient(food, ingredient) VALUES ('8f49ec60-93d8-41fa-b3b0-f6d24eca7c2c', '390bf482-d2c6-4906-9c8a-a28332fd49eb');
INSERT INTO food_ingredient(food, ingredient) VALUES ('5069800c-88b9-4126-87e8-ce956acec544', '4a327995-b551-43f4-a449-b070fdca521d');
INSERT INTO food_ingredient(food, ingredient) VALUES ('82322b89-f2bf-44fc-bf9b-0f705ba6383a', '379b0754-14fb-442a-9da9-36056c937792');
INSERT INTO food_ingredient(food, ingredient) VALUES ('022c4afb-29ea-455f-b17b-3b39dd611672', '379b0754-14fb-442a-9da9-36056c937792');
INSERT INTO food_ingredient(food, ingredient) VALUES ('5069800c-88b9-4126-87e8-ce956acec544', '0970834d-1453-4757-a591-c0b04ddd454b');
INSERT INTO food_ingredient(food, ingredient) VALUES ('b1bb410a-e2c6-4dff-852f-df5aaa1e079d', '9c516959-826e-40d1-8a66-399bc46b9c11');
INSERT INTO food_ingredient(food, ingredient) VALUES ('e3b86059-ba40-45a1-a5c7-0a5719bc639a', '379b0754-14fb-442a-9da9-36056c937792');
INSERT INTO food_ingredient(food, ingredient) VALUES ('5e601b60-db92-4ee2-ae89-da375c475ee7', '379b0754-14fb-442a-9da9-36056c937792');
INSERT INTO food_ingredient(food, ingredient) VALUES ('ae5f322c-f9bb-492b-bde5-44d887bed2f1', '379b0754-14fb-442a-9da9-36056c937792');
INSERT INTO food_ingredient(food, ingredient) VALUES ('6298509f-7252-4f11-a69b-449f8d0b87bc', '379b0754-14fb-442a-9da9-36056c937792');
INSERT INTO food_ingredient(food, ingredient) VALUES ('69417870-624c-425b-872a-685672738543', 'a1363c94-c270-4ede-8b3e-2643fa77bc6b');
INSERT INTO food_ingredient(food, ingredient) VALUES ('100726fc-52c4-45e6-ac2f-73d6073a24d8', '379b0754-14fb-442a-9da9-36056c937792');
INSERT INTO food_ingredient(food, ingredient) VALUES ('109bd4e2-daa1-4e67-9abc-4fe835aaef4c', '379b0754-14fb-442a-9da9-36056c937792');
INSERT INTO food_ingredient(food, ingredient) VALUES ('5e601b60-db92-4ee2-ae89-da375c475ee7', '229d0d27-a5a1-4341-b09c-c9465e2d8d8a');
INSERT INTO food_ingredient(food, ingredient) VALUES ('c7c1b757-97c8-443e-af19-1c239589e964', '379b0754-14fb-442a-9da9-36056c937792');
INSERT INTO food_ingredient(food, ingredient) VALUES ('67b9783c-c681-4306-b9a9-06e1171996ee', '379b0754-14fb-442a-9da9-36056c937792');
INSERT INTO food_ingredient(food, ingredient) VALUES ('9e35a1cf-3839-4f85-b7a9-d996850e6709', '379b0754-14fb-442a-9da9-36056c937792');
INSERT INTO food_ingredient(food, ingredient) VALUES ('022c4afb-29ea-455f-b17b-3b39dd611672', '390bf482-d2c6-4906-9c8a-a28332fd49eb');
INSERT INTO food_ingredient(food, ingredient) VALUES ('9e35a1cf-3839-4f85-b7a9-d996850e6709', '8ebf0cdd-80d2-43dc-a99f-6467bd42c7ba');
INSERT INTO food_ingredient(food, ingredient) VALUES ('f04ed8b4-dee7-48c1-940f-176509a7cad9', '379b0754-14fb-442a-9da9-36056c937792');
INSERT INTO food_ingredient(food, ingredient) VALUES ('060734d3-b14d-428d-96f9-b054c4c91bdb', '3f3145e5-9093-4c6c-9cdc-4c981853bae5');
INSERT INTO food_ingredient(food, ingredient) VALUES ('67b9783c-c681-4306-b9a9-06e1171996ee', '229d0d27-a5a1-4341-b09c-c9465e2d8d8a');
INSERT INTO food_ingredient(food, ingredient) VALUES ('9ee1f6ed-1510-45c9-873c-9e8c9e895192', '229d0d27-a5a1-4341-b09c-c9465e2d8d8a');
INSERT INTO food_ingredient(food, ingredient) VALUES ('810af07a-fb2e-4a8c-a635-636c2619712f', '229d0d27-a5a1-4341-b09c-c9465e2d8d8a');
INSERT INTO food_ingredient(food, ingredient) VALUES ('e8e9e1c5-fa6d-45e7-9a90-81d6bbc3451c', '6fd80d4e-febc-4d82-81a6-e29df1c36539');
INSERT INTO food_ingredient(food, ingredient) VALUES ('69417870-624c-425b-872a-685672738543', '379b0754-14fb-442a-9da9-36056c937792');
INSERT INTO food_ingredient(food, ingredient) VALUES ('a1fe6102-6c00-49a3-ba71-8ceb1e260547', '379b0754-14fb-442a-9da9-36056c937792');
INSERT INTO food_ingredient(food, ingredient) VALUES ('a0491f07-cd81-4f56-80c8-e19d5421ee86', '379b0754-14fb-442a-9da9-36056c937792');
INSERT INTO food_ingredient(food, ingredient) VALUES ('e0f42c8f-7679-462a-bb0e-5fc85f775963', '379b0754-14fb-442a-9da9-36056c937792');
INSERT INTO food_ingredient(food, ingredient) VALUES ('68717b26-963e-46e6-9bc4-01a2021ae237', '6fd80d4e-febc-4d82-81a6-e29df1c36539');
INSERT INTO food_ingredient(food, ingredient) VALUES ('a59055a5-60d0-426e-a52f-b570c69bd0e9', '379b0754-14fb-442a-9da9-36056c937792');
INSERT INTO food_ingredient(food, ingredient) VALUES ('c8902369-58ff-415d-84ac-afc14bc87419', 'f4c976dd-6bf6-4ac3-b9c0-8fec9007fa9c');
INSERT INTO food_ingredient(food, ingredient) VALUES ('4d87fbed-8af7-42eb-8f6b-b029741ba09e', '4a327995-b551-43f4-a449-b070fdca521d');
INSERT INTO food_ingredient(food, ingredient) VALUES ('810af07a-fb2e-4a8c-a635-636c2619712f', '379b0754-14fb-442a-9da9-36056c937792');
INSERT INTO food_ingredient(food, ingredient) VALUES ('a0491f07-cd81-4f56-80c8-e19d5421ee86', '9a7c4a5d-87ab-4a0a-8082-45493c13daf3');
INSERT INTO food_ingredient(food, ingredient) VALUES ('80101dbf-5d30-419f-8e17-de561304a596', '6fd80d4e-febc-4d82-81a6-e29df1c36539');
INSERT INTO food_ingredient(food, ingredient) VALUES ('f5ff6658-2209-48e6-887a-8841cf741aa1', '4a327995-b551-43f4-a449-b070fdca521d');
INSERT INTO food_ingredient(food, ingredient) VALUES ('44ee9841-4bf5-45f9-9ff0-6a16b3f4fe5e', '379b0754-14fb-442a-9da9-36056c937792');
INSERT INTO food_ingredient(food, ingredient) VALUES ('8f91b959-3e08-4105-ba66-50ac08be42e0', '379b0754-14fb-442a-9da9-36056c937792');
INSERT INTO food_ingredient(food, ingredient) VALUES ('296ad6be-e3ac-4b0c-9a28-ad0eaef68ae5', 'e92fe7cb-27bf-4b11-bacc-f42220bdcf8f');
INSERT INTO food_ingredient(food, ingredient) VALUES ('3ce60bda-7dd1-417e-88fc-37df67add31b', '49566142-260f-4552-af58-a21bf177dac1');
INSERT INTO food_ingredient(food, ingredient) VALUES ('bd47989a-41e8-4410-a5b1-50c04d5afb09', '379b0754-14fb-442a-9da9-36056c937792');
INSERT INTO food_ingredient(food, ingredient) VALUES ('6b18834e-f6c4-4896-b74a-a09ab8bc247a', 'f4c976dd-6bf6-4ac3-b9c0-8fec9007fa9c');
INSERT INTO food_ingredient(food, ingredient) VALUES ('e0f42c8f-7679-462a-bb0e-5fc85f775963', '37198635-864b-4426-a2c1-123077f90efd');
INSERT INTO food_ingredient(food, ingredient) VALUES ('2154d8e0-5de5-46d4-b29d-b0a5248f5c01', 'f2267dba-997c-41c0-bf17-abcc507d9a3d');
INSERT INTO food_ingredient(food, ingredient) VALUES ('4189c66f-2ede-4af9-b77b-3821ce67627b', '379b0754-14fb-442a-9da9-36056c937792');
INSERT INTO food_ingredient(food, ingredient) VALUES ('bdb4862d-a817-4924-a492-60a80e836f8f', '700b537e-eceb-4ec2-809f-66912fcce0f4');
INSERT INTO food_ingredient(food, ingredient) VALUES ('27e9ac21-3d77-4042-8a36-bb9d742d59f9', 'ec632503-78bc-43a6-a24b-91c5316103de');
INSERT INTO food_ingredient(food, ingredient) VALUES ('40b045de-22c4-4d41-8d35-9a2c654c99c8', '379b0754-14fb-442a-9da9-36056c937792');
INSERT INTO food_ingredient(food, ingredient) VALUES ('8f49ec60-93d8-41fa-b3b0-f6d24eca7c2c', '379b0754-14fb-442a-9da9-36056c937792');
INSERT INTO food_ingredient(food, ingredient) VALUES ('48bd9b7c-b426-4d83-ad13-aeb769e17fce', '4a327995-b551-43f4-a449-b070fdca521d');
INSERT INTO food_ingredient(food, ingredient) VALUES ('d54bb96e-383c-46ee-a1d5-c46398f3f76c', '700b537e-eceb-4ec2-809f-66912fcce0f4');
INSERT INTO food_ingredient(food, ingredient) VALUES ('58b19a23-f741-4ae4-b85b-2d59eb4d868b', '6252db2d-5aa7-4e97-aec2-95bfb7d64309');
INSERT INTO food_ingredient(food, ingredient) VALUES ('9ee1f6ed-1510-45c9-873c-9e8c9e895192', '379b0754-14fb-442a-9da9-36056c937792');
INSERT INTO food_ingredient(food, ingredient) VALUES ('060734d3-b14d-428d-96f9-b054c4c91bdb', 'a034ae50-5ccb-4a0c-a6eb-e00ca12b0b77');
INSERT INTO food_ingredient(food, ingredient) VALUES ('100726fc-52c4-45e6-ac2f-73d6073a24d8', '390bf482-d2c6-4906-9c8a-a28332fd49eb');
INSERT INTO food_ingredient(food, ingredient) VALUES ('d2925871-9c1a-4365-9b03-a9b892636ff8', '9fd886c2-987a-4a80-9ba4-861f5e51c65e');
INSERT INTO food_ingredient(food, ingredient) VALUES ('b7c56e3b-ac97-42ea-8a7c-55a84a7af650', 'e92fe7cb-27bf-4b11-bacc-f42220bdcf8f');
INSERT INTO food_ingredient(food, ingredient) VALUES ('4b5bca13-f824-45ac-9754-7feeed42d183', 'bc7f2ab8-30d9-4cff-9463-5fd21123f9a9');
INSERT INTO food_ingredient(food, ingredient) VALUES ('e7d1e54d-43dc-4d04-afab-657cd768e8a1', '229d0d27-a5a1-4341-b09c-c9465e2d8d8a');
INSERT INTO food_ingredient(food, ingredient) VALUES ('27e9ac21-3d77-4042-8a36-bb9d742d59f9', '17ead909-5ec6-4700-a21b-26d899902f5e');
INSERT INTO food_ingredient(food, ingredient) VALUES ('bbc9bc12-3335-45cf-b649-9b3d801de50d', '4ea2cd76-3138-495b-aefc-8b9fa57d2306');
INSERT INTO food_ingredient(food, ingredient) VALUES ('a39ec361-1af8-4a5f-86bf-f5530ccb7b47', '6252db2d-5aa7-4e97-aec2-95bfb7d64309');
INSERT INTO food_ingredient(food, ingredient) VALUES ('80101dbf-5d30-419f-8e17-de561304a596', '379b0754-14fb-442a-9da9-36056c937792');
INSERT INTO food_ingredient(food, ingredient) VALUES ('48bd9b7c-b426-4d83-ad13-aeb769e17fce', 'e7cb3d1f-989b-4238-9a31-82888e444a6c');
INSERT INTO food_ingredient(food, ingredient) VALUES ('ddc51200-4561-4acd-b7e0-2c6fe4e9652b', '9c516959-826e-40d1-8a66-399bc46b9c11');
INSERT INTO food_ingredient(food, ingredient) VALUES ('ddc51200-4561-4acd-b7e0-2c6fe4e9652b', '50fe3843-3948-4143-9c85-904df4b96ac3');
INSERT INTO food_ingredient(food, ingredient) VALUES ('ddc51200-4561-4acd-b7e0-2c6fe4e9652b', '228a782b-3113-4d6b-869d-eb8ef8cf229d');
INSERT INTO food_ingredient(food, ingredient) VALUES ('ddc51200-4561-4acd-b7e0-2c6fe4e9652b', 'cfcee7e7-38d0-4789-a3a9-95405cbc7c57');
INSERT INTO food_ingredient(food, ingredient) VALUES ('168df363-dc3f-44de-96ae-5dd8e39eaff1', 'a8d33875-e346-4e68-9925-ea51c24946d7');
INSERT INTO food_ingredient(food, ingredient) VALUES ('168df363-dc3f-44de-96ae-5dd8e39eaff1', '228a782b-3113-4d6b-869d-eb8ef8cf229d');
INSERT INTO food_ingredient(food, ingredient) VALUES ('168df363-dc3f-44de-96ae-5dd8e39eaff1', '9e016508-1094-455b-95ae-6a145017818f');
INSERT INTO food_ingredient(food, ingredient) VALUES ('168df363-dc3f-44de-96ae-5dd8e39eaff1', '229c27c7-0e8b-4245-9f79-3c94b4b64890');
INSERT INTO food_ingredient(food, ingredient) VALUES ('168df363-dc3f-44de-96ae-5dd8e39eaff1', 'c364879a-5b30-4ca7-a6d0-dd25949d92b7');
INSERT INTO food_ingredient(food, ingredient) VALUES ('168df363-dc3f-44de-96ae-5dd8e39eaff1', '330b396b-a754-401e-8358-e9e005a35f4c');
INSERT INTO food_ingredient(food, ingredient) VALUES ('56d55c3a-9894-4c72-a30c-bba6e07c0c9e', '228a782b-3113-4d6b-869d-eb8ef8cf229d');
INSERT INTO food_ingredient(food, ingredient) VALUES ('56d55c3a-9894-4c72-a30c-bba6e07c0c9e', '229c27c7-0e8b-4245-9f79-3c94b4b64890');
INSERT INTO food_ingredient(food, ingredient) VALUES ('56d55c3a-9894-4c72-a30c-bba6e07c0c9e', '330b396b-a754-401e-8358-e9e005a35f4c');
INSERT INTO food_ingredient(food, ingredient) VALUES ('56d55c3a-9894-4c72-a30c-bba6e07c0c9e', '2c40a5d5-266d-45ee-8259-99d969919ef5');
INSERT INTO food_ingredient(food, ingredient) VALUES ('56d55c3a-9894-4c72-a30c-bba6e07c0c9e', '14f47957-5d01-4552-8d1e-9eccc35a8771');
INSERT INTO food_ingredient(food, ingredient) VALUES ('fe71fc91-27b6-4a06-ac6b-a6f8a767e2f0', '228a782b-3113-4d6b-869d-eb8ef8cf229d');
INSERT INTO food_ingredient(food, ingredient) VALUES ('fe71fc91-27b6-4a06-ac6b-a6f8a767e2f0', '229c27c7-0e8b-4245-9f79-3c94b4b64890');
INSERT INTO food_ingredient(food, ingredient) VALUES ('fe71fc91-27b6-4a06-ac6b-a6f8a767e2f0', 'c364879a-5b30-4ca7-a6d0-dd25949d92b7');
INSERT INTO food_ingredient(food, ingredient) VALUES ('fe71fc91-27b6-4a06-ac6b-a6f8a767e2f0', '6fd80d4e-febc-4d82-81a6-e29df1c36539');
INSERT INTO food_ingredient(food, ingredient) VALUES ('fa3f7dcd-a357-4f55-a961-c79952a9bab6', 'a8d33875-e346-4e68-9925-ea51c24946d7');
INSERT INTO food_ingredient(food, ingredient) VALUES ('fa3f7dcd-a357-4f55-a961-c79952a9bab6', '228a782b-3113-4d6b-869d-eb8ef8cf229d');
INSERT INTO food_ingredient(food, ingredient) VALUES ('fa3f7dcd-a357-4f55-a961-c79952a9bab6', '229c27c7-0e8b-4245-9f79-3c94b4b64890');
INSERT INTO food_ingredient(food, ingredient) VALUES ('fa3f7dcd-a357-4f55-a961-c79952a9bab6', 'c364879a-5b30-4ca7-a6d0-dd25949d92b7');
INSERT INTO food_ingredient(food, ingredient) VALUES ('fa3f7dcd-a357-4f55-a961-c79952a9bab6', '6fd80d4e-febc-4d82-81a6-e29df1c36539');
INSERT INTO food_ingredient(food, ingredient) VALUES ('fa3f7dcd-a357-4f55-a961-c79952a9bab6', '9e016508-1094-455b-95ae-6a145017818f');
INSERT INTO food_ingredient(food, ingredient) VALUES ('fa3f7dcd-a357-4f55-a961-c79952a9bab6', '50fe3843-3948-4143-9c85-904df4b96ac3');
INSERT INTO food_ingredient(food, ingredient) VALUES ('580193e4-a725-4b39-855d-6868eb14be3b', 'a8d33875-e346-4e68-9925-ea51c24946d7');
INSERT INTO food_ingredient(food, ingredient) VALUES ('580193e4-a725-4b39-855d-6868eb14be3b', '228a782b-3113-4d6b-869d-eb8ef8cf229d');
INSERT INTO food_ingredient(food, ingredient) VALUES ('580193e4-a725-4b39-855d-6868eb14be3b', '229c27c7-0e8b-4245-9f79-3c94b4b64890');
INSERT INTO food_ingredient(food, ingredient) VALUES ('580193e4-a725-4b39-855d-6868eb14be3b', 'c364879a-5b30-4ca7-a6d0-dd25949d92b7');
INSERT INTO food_ingredient(food, ingredient) VALUES ('580193e4-a725-4b39-855d-6868eb14be3b', '9e016508-1094-455b-95ae-6a145017818f');
INSERT INTO food_ingredient(food, ingredient) VALUES ('580193e4-a725-4b39-855d-6868eb14be3b', 'deee8985-0c9f-46c7-8af2-0197c92ca58f');
INSERT INTO food_ingredient(food, ingredient) VALUES ('5046a77e-75a9-4d9a-b430-7324db519140', '9e016508-1094-455b-95ae-6a145017818f');
INSERT INTO food_ingredient(food, ingredient) VALUES ('5046a77e-75a9-4d9a-b430-7324db519140', 'cfcee7e7-38d0-4789-a3a9-95405cbc7c57');
INSERT INTO food_ingredient(food, ingredient) VALUES ('5046a77e-75a9-4d9a-b430-7324db519140', 'ec632503-78bc-43a6-a24b-91c5316103de');
INSERT INTO food_ingredient(food, ingredient) VALUES ('5046a77e-75a9-4d9a-b430-7324db519140', '6252db2d-5aa7-4e97-aec2-95bfb7d64309');
INSERT INTO food_ingredient(food, ingredient) VALUES ('5046a77e-75a9-4d9a-b430-7324db519140', 'bc7f2ab8-30d9-4cff-9463-5fd21123f9a9');
INSERT INTO food_ingredient(food, ingredient) VALUES ('d5227b74-5a62-4a8e-a580-efa0a15cc4c8', '228a782b-3113-4d6b-869d-eb8ef8cf229d');
INSERT INTO food_ingredient(food, ingredient) VALUES ('d5227b74-5a62-4a8e-a580-efa0a15cc4c8', '229c27c7-0e8b-4245-9f79-3c94b4b64890');
INSERT INTO food_ingredient(food, ingredient) VALUES ('d5227b74-5a62-4a8e-a580-efa0a15cc4c8', 'c364879a-5b30-4ca7-a6d0-dd25949d92b7');
INSERT INTO food_ingredient(food, ingredient) VALUES ('d5227b74-5a62-4a8e-a580-efa0a15cc4c8', '9e016508-1094-455b-95ae-6a145017818f');
INSERT INTO food_ingredient(food, ingredient) VALUES ('d5227b74-5a62-4a8e-a580-efa0a15cc4c8', '79a9b4ee-83b4-4085-a7aa-23461e95e3e3');
INSERT INTO food_ingredient(food, ingredient) VALUES ('f51b8b4f-a6d3-4e51-b574-0ee38679dc8e', 'cfcee7e7-38d0-4789-a3a9-95405cbc7c57');
INSERT INTO food_ingredient(food, ingredient) VALUES ('f51b8b4f-a6d3-4e51-b574-0ee38679dc8e', '229c27c7-0e8b-4245-9f79-3c94b4b64890');
INSERT INTO food_ingredient(food, ingredient) VALUES ('f51b8b4f-a6d3-4e51-b574-0ee38679dc8e', 'bc7f2ab8-30d9-4cff-9463-5fd21123f9a9');
INSERT INTO food_ingredient(food, ingredient) VALUES ('f51b8b4f-a6d3-4e51-b574-0ee38679dc8e', '9e016508-1094-455b-95ae-6a145017818f');
INSERT INTO food_ingredient(food, ingredient) VALUES ('f51b8b4f-a6d3-4e51-b574-0ee38679dc8e', '49566142-260f-4552-af58-a21bf177dac1');
INSERT INTO food_ingredient(food, ingredient) VALUES ('4b5bca13-f824-45ac-9754-7feeed42d183', '4d40d311-a645-47b8-9c66-8c9e81c546f7');
INSERT INTO food_ingredient(food, ingredient) VALUES ('4189c66f-2ede-4af9-b77b-3821ce67627b', 'bc7f2ab8-30d9-4cff-9463-5fd21123f9a9');
INSERT INTO food_ingredient(food, ingredient) VALUES ('c7c1b757-97c8-443e-af19-1c239589e964', '17e5b87d-c4d5-4a0c-9e16-223013f4a1a6');
INSERT INTO food_ingredient(food, ingredient) VALUES ('bd45d80f-1810-4be5-9d0b-36bd66644297', '50fe3843-3948-4143-9c85-904df4b96ac3');
INSERT INTO food_ingredient(food, ingredient) VALUES ('80101dbf-5d30-419f-8e17-de561304a596', '50fe3843-3948-4143-9c85-904df4b96ac3');
INSERT INTO food_ingredient(food, ingredient) VALUES ('9ee1f6ed-1510-45c9-873c-9e8c9e895192', 'ad4e7246-5867-46a5-93d2-148c3be6b256');
INSERT INTO food_ingredient(food, ingredient) VALUES ('6298509f-7252-4f11-a69b-449f8d0b87bc', '6fd80d4e-febc-4d82-81a6-e29df1c36539');
INSERT INTO food_ingredient(food, ingredient) VALUES ('68717b26-963e-46e6-9bc4-01a2021ae237', '50fe3843-3948-4143-9c85-904df4b96ac3');
INSERT INTO food_ingredient(food, ingredient) VALUES ('c8902369-58ff-415d-84ac-afc14bc87419', '0d78c552-4251-4c3d-8fc2-bb959c42c7c2');
INSERT INTO food_ingredient(food, ingredient) VALUES ('f43f766d-f12a-473d-93b8-4870ee12f270', '17ead909-5ec6-4700-a21b-26d899902f5e');
INSERT INTO food_ingredient(food, ingredient) VALUES ('496d5484-c7e5-4bd8-81b0-5c02980481fa', '971220ca-ec8d-4859-b554-c45e0a47029f');
INSERT INTO food_ingredient(food, ingredient) VALUES ('5069800c-88b9-4126-87e8-ce956acec544', '4ea2cd76-3138-495b-aefc-8b9fa57d2306');
INSERT INTO food_ingredient(food, ingredient) VALUES ('d2925871-9c1a-4365-9b03-a9b892636ff8', '67ab131b-588d-4ffe-8133-8fd0907f8955');
INSERT INTO food_ingredient(food, ingredient) VALUES ('48bd9b7c-b426-4d83-ad13-aeb769e17fce', '17e5b87d-c4d5-4a0c-9e16-223013f4a1a6');
INSERT INTO food_ingredient(food, ingredient) VALUES ('1c820ca5-ef58-448f-a4da-732efa036865', 'ec632503-78bc-43a6-a24b-91c5316103de');
INSERT INTO food_ingredient(food, ingredient) VALUES ('27e9ac21-3d77-4042-8a36-bb9d742d59f9', '17e5b87d-c4d5-4a0c-9e16-223013f4a1a6');
INSERT INTO food_ingredient(food, ingredient) VALUES ('85a18247-66d3-485a-830f-0e9caef0a275', '390bf482-d2c6-4906-9c8a-a28332fd49eb');
INSERT INTO food_ingredient(food, ingredient) VALUES ('022c4afb-29ea-455f-b17b-3b39dd611672', '17e5b87d-c4d5-4a0c-9e16-223013f4a1a6');
INSERT INTO food_ingredient(food, ingredient) VALUES ('060734d3-b14d-428d-96f9-b054c4c91bdb', '17ead909-5ec6-4700-a21b-26d899902f5e');
INSERT INTO food_ingredient(food, ingredient) VALUES ('a1fe6102-6c00-49a3-ba71-8ceb1e260547', '3f3145e5-9093-4c6c-9cdc-4c981853bae5');
INSERT INTO food_ingredient(food, ingredient) VALUES ('8f49ec60-93d8-41fa-b3b0-f6d24eca7c2c', '17ead909-5ec6-4700-a21b-26d899902f5e');
INSERT INTO food_ingredient(food, ingredient) VALUES ('6b18834e-f6c4-4896-b74a-a09ab8bc247a', '3f3145e5-9093-4c6c-9cdc-4c981853bae5');
INSERT INTO food_ingredient(food, ingredient) VALUES ('109bd4e2-daa1-4e67-9abc-4fe835aaef4c', '6252db2d-5aa7-4e97-aec2-95bfb7d64309');
INSERT INTO food_ingredient(food, ingredient) VALUES ('b89c9783-0867-4ff8-a2c5-d4de92f765d7', '108fc03e-dc99-4adb-8208-ea9511c9f922');
INSERT INTO food_ingredient(food, ingredient) VALUES ('8e593899-683c-4edb-bbba-001cc62a55e8', 'a1363c94-c270-4ede-8b3e-2643fa77bc6b');
INSERT INTO food_ingredient(food, ingredient) VALUES ('810af07a-fb2e-4a8c-a635-636c2619712f', '108fc03e-dc99-4adb-8208-ea9511c9f922');
INSERT INTO food_ingredient(food, ingredient) VALUES ('ae5f322c-f9bb-492b-bde5-44d887bed2f1', '9c516959-826e-40d1-8a66-399bc46b9c11');
INSERT INTO food_ingredient(food, ingredient) VALUES ('296ad6be-e3ac-4b0c-9a28-ad0eaef68ae5', 'e070deb8-d767-45db-a6ea-b2fe37f64059');
INSERT INTO food_ingredient(food, ingredient) VALUES ('67b9783c-c681-4306-b9a9-06e1171996ee', '108fc03e-dc99-4adb-8208-ea9511c9f922');
INSERT INTO food_ingredient(food, ingredient) VALUES ('e3b86059-ba40-45a1-a5c7-0a5719bc639a', 'cbac1262-7742-491d-99c6-ec9f1b40b559');
INSERT INTO food_ingredient(food, ingredient) VALUES ('100726fc-52c4-45e6-ac2f-73d6073a24d8', '4a327995-b551-43f4-a449-b070fdca521d');
INSERT INTO food_ingredient(food, ingredient) VALUES ('5e601b60-db92-4ee2-ae89-da375c475ee7', '108fc03e-dc99-4adb-8208-ea9511c9f922');
INSERT INTO food_ingredient(food, ingredient) VALUES ('e2321785-f2d5-4fd2-917a-27f1618ded33', '17ead909-5ec6-4700-a21b-26d899902f5e');
INSERT INTO food_ingredient(food, ingredient) VALUES ('e7d1e54d-43dc-4d04-afab-657cd768e8a1', '108fc03e-dc99-4adb-8208-ea9511c9f922');
INSERT INTO food_ingredient(food, ingredient) VALUES ('69417870-624c-425b-872a-685672738543', 'e92fe7cb-27bf-4b11-bacc-f42220bdcf8f');
INSERT INTO food_ingredient(food, ingredient) VALUES ('0ae8fe8e-7754-488b-9fab-10e52c953dc6', '390bf482-d2c6-4906-9c8a-a28332fd49eb');
INSERT INTO food_ingredient(food, ingredient) VALUES ('bbc9bc12-3335-45cf-b649-9b3d801de50d', '17ead909-5ec6-4700-a21b-26d899902f5e');
INSERT INTO food_ingredient(food, ingredient) VALUES ('21ac53d2-62b2-46cb-b893-0f1288646511', '50fe3843-3948-4143-9c85-904df4b96ac3');
INSERT INTO food_ingredient(food, ingredient) VALUES ('afa4e84c-c1b4-47eb-be28-979e67679ab1', '61b616c9-47ab-41a8-a04b-a6799cc8d441');
INSERT INTO food_ingredient(food, ingredient) VALUES ('40b045de-22c4-4d41-8d35-9a2c654c99c8', '8c5cc87a-2348-44ac-8003-420f1eb9c880');
INSERT INTO food_ingredient(food, ingredient) VALUES ('4d87fbed-8af7-42eb-8f6b-b029741ba09e', '09d1daf4-e2b7-4247-9d03-d64e17a032a3');
INSERT INTO food_ingredient(food, ingredient) VALUES ('cb23c48a-8d89-46c0-aa97-4c55be55ae4f', 'fca74e17-6789-47f0-9112-4231e2bf2f25');
INSERT INTO food_ingredient(food, ingredient) VALUES ('a39ec361-1af8-4a5f-86bf-f5530ccb7b47', 'f4c976dd-6bf6-4ac3-b9c0-8fec9007fa9c');
INSERT INTO food_ingredient(food, ingredient) VALUES ('8f91b959-3e08-4105-ba66-50ac08be42e0', 'e92fe7cb-27bf-4b11-bacc-f42220bdcf8f');
INSERT INTO food_ingredient(food, ingredient) VALUES ('a0491f07-cd81-4f56-80c8-e19d5421ee86', '0d78c552-4251-4c3d-8fc2-bb959c42c7c2');
INSERT INTO food_ingredient(food, ingredient) VALUES ('44ee9841-4bf5-45f9-9ff0-6a16b3f4fe5e', '142a432c-beb4-411b-bbed-6df287756579');
INSERT INTO food_ingredient(food, ingredient) VALUES ('a5c59c23-214d-4373-9c02-d0dc8c5bb420', 'e92fe7cb-27bf-4b11-bacc-f42220bdcf8f');
INSERT INTO food_ingredient(food, ingredient) VALUES ('bd45d80f-1810-4be5-9d0b-36bd66644297', 'cff6df3d-fd4b-4ac4-a25a-8f53067017e4');
INSERT INTO food_ingredient(food, ingredient) VALUES ('80101dbf-5d30-419f-8e17-de561304a596', 'cff6df3d-fd4b-4ac4-a25a-8f53067017e4');
INSERT INTO food_ingredient(food, ingredient) VALUES ('9ee1f6ed-1510-45c9-873c-9e8c9e895192', '108fc03e-dc99-4adb-8208-ea9511c9f922');
INSERT INTO food_ingredient(food, ingredient) VALUES ('6298509f-7252-4f11-a69b-449f8d0b87bc', '17e5b87d-c4d5-4a0c-9e16-223013f4a1a6');
INSERT INTO food_ingredient(food, ingredient) VALUES ('68717b26-963e-46e6-9bc4-01a2021ae237', 'cff6df3d-fd4b-4ac4-a25a-8f53067017e4');
INSERT INTO food_ingredient(food, ingredient) VALUES ('c8902369-58ff-415d-84ac-afc14bc87419', 'bb9333b9-3864-4224-a9b8-41980422b094');
INSERT INTO food_ingredient(food, ingredient) VALUES ('f43f766d-f12a-473d-93b8-4870ee12f270', '17e5b87d-c4d5-4a0c-9e16-223013f4a1a6');
INSERT INTO food_ingredient(food, ingredient) VALUES ('496d5484-c7e5-4bd8-81b0-5c02980481fa', 'e9ee5db9-673c-424d-bc07-f4d8963a5277');
INSERT INTO food_ingredient(food, ingredient) VALUES ('5069800c-88b9-4126-87e8-ce956acec544', 'a6792883-3935-4acc-89a0-b28455324726');
INSERT INTO food_ingredient(food, ingredient) VALUES ('d2925871-9c1a-4365-9b03-a9b892636ff8', 'f3fc185d-fb2f-48a5-965a-d202e7a56f0c');
INSERT INTO food_ingredient(food, ingredient) VALUES ('1c820ca5-ef58-448f-a4da-732efa036865', '17e5b87d-c4d5-4a0c-9e16-223013f4a1a6');
INSERT INTO food_ingredient(food, ingredient) VALUES ('27e9ac21-3d77-4042-8a36-bb9d742d59f9', '79a9b4ee-83b4-4085-a7aa-23461e95e3e3');
INSERT INTO food_ingredient(food, ingredient) VALUES ('85a18247-66d3-485a-830f-0e9caef0a275', 'a034ae50-5ccb-4a0c-a6eb-e00ca12b0b77');
INSERT INTO food_ingredient(food, ingredient) VALUES ('060734d3-b14d-428d-96f9-b054c4c91bdb', 'deee8985-0c9f-46c7-8af2-0197c92ca58f');
INSERT INTO food_ingredient(food, ingredient) VALUES ('a1fe6102-6c00-49a3-ba71-8ceb1e260547', '17ead909-5ec6-4700-a21b-26d899902f5e');
INSERT INTO food_ingredient(food, ingredient) VALUES ('8f49ec60-93d8-41fa-b3b0-f6d24eca7c2c', 'deee8985-0c9f-46c7-8af2-0197c92ca58f');
INSERT INTO food_ingredient(food, ingredient) VALUES ('6b18834e-f6c4-4896-b74a-a09ab8bc247a', '17ead909-5ec6-4700-a21b-26d899902f5e');
INSERT INTO food_ingredient(food, ingredient) VALUES ('109bd4e2-daa1-4e67-9abc-4fe835aaef4c', 'bb9333b9-3864-4224-a9b8-41980422b094');
INSERT INTO food_ingredient(food, ingredient) VALUES ('b89c9783-0867-4ff8-a2c5-d4de92f765d7', '50fe3843-3948-4143-9c85-904df4b96ac3');
INSERT INTO food_ingredient(food, ingredient) VALUES ('8e593899-683c-4edb-bbba-001cc62a55e8', '17e5b87d-c4d5-4a0c-9e16-223013f4a1a6');
INSERT INTO food_ingredient(food, ingredient) VALUES ('810af07a-fb2e-4a8c-a635-636c2619712f', '50fe3843-3948-4143-9c85-904df4b96ac3');

INSERT INTO muppet (id, real_name) VALUES ('00000000-0000-0000-0000-000000000000', 'temp-user');
INSERT INTO muppet (id, real_name) VALUES ('39d13415-1f0a-4933-895a-2a568455ecef', 'Crespo Yanier');
INSERT INTO muppet (id, real_name) VALUES ('9fe48127-280a-493b-8d51-11476dfc4524', 'Ellero Cesare');
INSERT INTO muppet (id, real_name) VALUES ('97ca45d8-8e35-4d6a-96b1-3641c1b8b081', 'De Faveri Martina');
INSERT INTO muppet (id, real_name) VALUES ('68a0c3a0-8608-4e5a-8581-32e5206c2b23', 'Di Legami Gianluca');
INSERT INTO muppet (id, real_name) VALUES ('6a332b52-ddc0-4db7-b021-4a58fdc84cc4', 'Stimac Ivo');
INSERT INTO muppet (id, real_name) VALUES ('8b86834d-39e7-4250-96f4-678dc693c13f', 'Danzo Fabio');
INSERT INTO muppet (id, real_name) VALUES ('084b2a1b-8255-4e2a-be37-8106f7339508', 'De Tomi Piero');
INSERT INTO muppet (id, real_name) VALUES ('53fa4ef3-844f-4b67-9709-b4156729861d', 'Vinkovic Goranka');
INSERT INTO muppet (id, real_name) VALUES ('04c5d5c6-cf7d-4006-8360-94b99c9f30de', 'Molinaro Simone');
INSERT INTO muppet (id, real_name) VALUES ('6d9a67a3-196b-41e8-96e0-cf4e7e004727', 'Massolo Marco');
INSERT INTO muppet (id, real_name) VALUES ('d58a33c8-273d-425c-896c-5065242d474e', 'Maran Daniel');
INSERT INTO muppet (id, real_name) VALUES ('d006b07c-ff51-4810-9c36-2a9612fa2fc5', 'Trimarchi Gianluca');
INSERT INTO muppet (id, real_name) VALUES ('c09a66bc-d2d8-468e-bba0-6b6b71c5e69b', 'Scattolini Giorgio');
INSERT INTO muppet (id, real_name) VALUES ('47fd82be-a4a7-42eb-8e8b-d0f262680fb0', 'Sanna Davide');
INSERT INTO muppet (id, real_name) VALUES ('4d6c7755-7265-4049-89a9-999c1a4d9057', 'Dal Bosco Michele');
INSERT INTO muppet (id, real_name) VALUES ('87a7b6f1-67bb-412e-8ca8-cb40c79db859', 'Fornasin Jacopo');
INSERT INTO muppet (id, real_name) VALUES ('026160e0-8989-4092-bce9-ea313ee71d8b', 'Ascalone Sara');
INSERT INTO muppet (id, real_name) VALUES ('0d3e2cac-3a96-477f-8eb4-059078e85cde', 'Corrain Davide');
INSERT INTO muppet (id, real_name) VALUES ('de745c33-7f8a-422a-9e75-5962d33151dd', 'Gandini Jacopo');
INSERT INTO muppet (id, real_name) VALUES ('ab098b45-9b9f-48ca-9a9a-b5786e483ffe', 'Stefanizzi Valentino');
INSERT INTO muppet (id, real_name) VALUES ('25bad5d5-48d4-4961-8467-a47ffceea5d3', 'Viezzi Alberto');
INSERT INTO muppet (id, real_name) VALUES ('3ad69591-ddd3-4ff2-93cc-4b787032d276', 'Humar Roald');
INSERT INTO muppet (id, real_name) VALUES ('90614e3f-35c7-49f2-a81d-fcd10985095a', 'Slobez Simone');
INSERT INTO muppet (id, real_name) VALUES ('5de28be6-d10c-4908-ae21-b5f43c63346d', 'Simunovic Tomislav');
INSERT INTO muppet (id, real_name) VALUES ('3015210f-6054-42b7-9ec7-6c7e7be69918', 'Iavarone Stefano');
INSERT INTO muppet (id, real_name) VALUES ('8a387890-aacc-4b73-bc59-e3499b6ecfb6', 'Bizzotto Alessio');
INSERT INTO muppet (id, real_name) VALUES ('46f6321a-6eb0-4165-be3d-c2b1b10a82c8', 'Portelli Mario');
INSERT INTO muppet (id, real_name) VALUES ('0df154e7-b9c9-4c23-b6d0-bbda82bf0492', 'Feront Francesco');